	HPLM-400_Exp1	HPLM-400_Exp2	HPLM-400_Exp3	HPLM-6k_Exp1	HPLM-6k_Exp2	HPLM-6k_Exp3	HPLM-60k_Exp1	HPLM-60k_Exp2	HPLM-60k_Exp3	HG-HPLM-400_Exp1	HG-HPLM-400_Exp2	HG-HPLM-400_Exp3	HG-HPLM-6k_Exp1	HG-HPLM-6k_Exp2	HG-HPLM-6k_Exp3	HG-HPLM-60k_Exp1	HG-HPLM-60k_Exp2	HG-HPLM-60k_Exp3	400_Exp1	400_Exp2	400_Exp3	6k_Exp1	6k_Exp2	6k_Exp3	60k_Exp1	60k_Exp2	60k_Exp3	HG-400_Exp1	HG-400_Exp2	HG-400_Exp3	HG-6k_Exp1	HG-6k_Exp2	HG-6k_Exp3	HG-60k_Exp1	HG-60k_Exp2	HG-60k_Exp3
"1,3-Bisphosphoglyceric acid"	180723	97227	57145			94868	0	0	0	244199		129832	82345		272602	150115	228094	180731	0	0	0	163590			0	0	0			310378	207784	156300	241663	185117	767931	1530853
sec-Butylamine	257332753	290922250	257820255	243982063	207813417	215252892	187841130	176002966	197493044	256948400	286347041	269329338	199950759	214830405	185522101	186983573	186630047	167816897	4596239	4374084	4270547	3435945	2889460	3203357	2067325	2364261	1360922	16022327	15715684	18295464	10849160	10702812	11677325	5630092	6371081	6966459
2-Hydroxyglutarate	9960975	10936793	11845332	19935505	19964717	23425036	21913355	22917336	21426755	13017801	12627522	11906567	21894539	19021926	20676783	24049744	22178479	24014653	14897793	17242713	14664640	26943788	30509008	29507382	33414683	36516279	33430139	19328151	15439279	17296503	29667134	29117793	30853702	30983434	32805329	36961897
Oxoadipic acid	932511	769782	397613	579380	963028	893851	669503	604502	596410	942990	256287	64911	1171297	284076	853305	511732	379694	745821	0	0	0	360929	606040	637372	636541	978244	306278	0	0	0	351988	793096	457339	824907	565192	832510
3-Phosphoglyceric acid	2330375	1257109	1657218	1371356	1794368	1730734	1632434	1773544	1585074	2108699	1536307	2426866	2720677	2746179	3279973	3899047	3516977	4401533	1644646	1367664	2373902	1700240	987042	1204125	1355243	1945767	1371679	1896889	1637753	1559015	3472880	4221009	4167725	3537128	3773849	3829890
Pyroglutamic acid	1041255774	1029304950	996350504	931560539	834164832	888547776	949347486	906679662	724161131	1156577725	1217773069	1231845493	760735655	892549318	703564131	838076584	676922708	837754739	14845291320	14647795116	14262763715	9893236778	9767812378	9709283961	6934340476	7118289274	6874009777	12565472469	12430674127	12283640677	8155396828	8360219543	8198244213	5840284458	6103641051	5725118745
5-Methylthioadenosine	1218506515	1189162529	1227894324	1458599342	1467172679	1383294966	1453140261	1491744436	1359394338	1004628303	971802222	858530643	1219010322	1184163143	1190921997	1116820265	1185117187	1247878706	776526908	895455788	787630678	793579696	806847430	830201107	848490517	943389744	841712795	702536586	763987804	694579974	836947424	886266378	816186429	732096867	823170161	797191551
6-Phosphogluconic acid		153984			134817	249333	74444		145423		133210		786556	178706	485191	892482	827354	738435	77436	94209	85515	218814	129689	89337	227580	78841	53426	350811	554926	472379	1224628	1642302	1803816	2249895	2532948	2430360
Adenosine	55417170	55057560	56429176	25494952	25449042	25126985	42423210	42434249	37978803	55567646	57607756	63693939	44905758	44066917	56239667	33134390	33316215	38941869	60073326	59045073	53471897	36021238	38051193	35084323	33486303	36499022	39346169	36830257	38300330	36359665	22404816	22130244	23906014	31395029	19057169	24141276
alpha-ketoglutarate	487505148	572971590	524388586	258301305	297736406	354339518	263983487	267646733	260334587	542681981	519462766	435652718	327949126	176683548	306276460	285279732	268806040	260757981	100645890	86269902	87736143	84095997	71949671	67298975	91315912	102250138	92979349	117824285	113165857	102683897	97199940	104939154	105142597	98862009	114789283	101026553
Acyl-carnitine	16800596534	18157632176	16952894689	17628713054	16344564298	16310622809	17198489491	16546888189	18306802675	17381020231	18876093486	17530967414	15446395394	16857539757	16571490334	17190419301	17593958897	15786181081	944385758	880345254	836920469	914270263	866870658	855133198	880830939	906927745	902021591	2172926618	2194159843	2185129975	1666751946	1647260577	1711561891	1432464548	1469210482	1491505781
Acyl-choline	436029933	540307212	458713200	611415990	537226406	519071695	578494920	530813676	702857745	460180863	577758554	501659489	591789779	680622568	586263432	668876148	715169656	562026836	411475403	480136704	404445249	454716896	529829296	485629920	524091764	504415175	594151348	404174643	449463449	389110373	581240246	530693719	510870145	642506065	585687994	571782215
Acetyl-CoA	339330	390732	585276	703947	563979	505550	991997	825160	1277873	227885	331296	161431	566116	786572	441969	703813	552761	522103		80855	156958	60624	63649	88119	324666	135888	79586	0	0	0	312614	170282		485255	220355	160340
cis-Aconitic acid	11299417	411210	10119046	9979377	9744739	11274533	9278817	11296254	444135	11453166	367372	11360696	9430988	7558292	8648381	8525137	1154143	9181567	4346441	3745863	4050181	4612344	4184872	3694589	5170872	5529391	5119851	3804911	3997330	4476778	4168588	4388876	5235456	5205074	6234732	7352839
Adenine	4927171	4577774	4628274	3444093	3998320	3826713	4728977	5099517	4719200	4252003	4056396	3600559	4567828	3796079	3990597	3661281	4359251	4392341	17067249	9004026	11418148	17113119	9156481	10225200	10212490	14986599	8109973	9033484	7514521	10220695	6027236	9012103	11896411	5301292	12055631	14417572
ADP	22131114	23031724	23474146	36342485	39161536	46428058	39128511	44050727	45818244	11071903	11456779	14602327	22714573	17322913	23763929	34128155	33306928	40875028	9356090	8426324	10634519	10319368	10391428	12194642	12197282	13906156	15154553	6917744	7582179	6967522	31405154	36272208	29787640	48153381	48881102	58446816
ADP	0.850925051	0.510506334	0.763919867	0.6754453	0.693565823	0.651619187	1.354787842	1.173589889	0.839725255	0.554306936	0.438007848	0.521218102	0.66176682	0.786483235	0.604288109	0.725732206	0.733063263	0.774189166	0.516082523	0.364216929	0.562503111	0.555104129	0.443709518	0.527939148	0.837893969	0.736455795	0.662395116	0.522315546	0.566594971	0.597732954	0.405988747	0.415391509	0.367897436	0.457250476	0.456245345	0.437255236
ADP	16566965	38643682	22063042	40872043	43686548	49068604	21608242	24072074	57077738	12872065	23190758	20410512	23861632	18852131	31769575	35785125	46342030	39170476	11372474	21421110	14872721	11927695	20394535	17037088	11149963	13207859	22513884	9223431	11460360	7870610	67599655	59554186	50933765	85341172	77184655	88422456
L-Alanine	1935820419	2244700354	1937308364	1982341468	1737062895	1812807952	1664950102	1539627338	1684660547	2115724215	2373702427	2182005148	1749592314	1831827787	1596801788	1557692160	1644435364	1499139569	46800726	40818249	35390516	32005053	33359612	35762269	31539505	30814575	33792181	132525649	134788113	123863082	92075546	82618217	81301130	76709146	70048285	72189291
Adenosine monophosphate	3344080	2902594	3373456	2763355	3690403	4785030	4788443	5255011	4869733	2683378	1391990	2011323	4725571	3365165	4323334	4102533	3114613	5691333	2396190	1488143	1872475	2427495	2021560	1988651	2921811	3451433	2775163	1795609	1823098	1963035	2251431	3051641	3163568	2693195	3957501	4921897
AMP	0.128577416	0.064337026	0.109782484	0.05135849	0.065358453	0.06715804	0.165795329	0.14000286	0.089249116	0.134341408	0.053217623	0.071792527	0.137674879	0.152782956	0.109937179	0.087240002	0.068550554	0.107796094	0.132173994	0.064323052	0.099042845	0.130580913	0.086319745	0.086094099	0.20071421	0.182784361	0.121300471	0.135575195	0.136235	0.168405742	0.029105275	0.034947576	0.039072198	0.025573795	0.036938435	0.036821941
L-Arginine	1255737933	1671657103	1277859597	1906396468	1416154780	1305877562	1998961191	1738564087	2519669788	1240438505	1686913261	1499466423	1358785221	1805581707	1473462894	1313000706	2268509838	1340629117	4820957299	8607627196	7613091473	6635369485	11360799180	10517916370	9304932644	7720667534	10262096595	5092900585	6982390101	4742393569	7276710545	4737104938	3676909492	8276422536	6651623532	6394234066
NA	754876	616640	443199	882789	660995	900439	602428	991463	710178	714744	764037	967637	518475	333968	588891	540788	292076	302755	0	0	0	0	0	0	119271	157278		82133		83688			102000		149008	
L-Asparagine	147013331	146114940	159189899	96362629	98092130	96773629	85027757	91774339	69152646	148396156	140706326	153845394	92831852	88297047	89727585	69472370	70137662	82666398	2957378	2712077	2781848	2302741	2494412	3109359	15658991	16130281	12902025	6682896	4857408	6103342	2767377	2929442	4010137	16864281	16343125	18460597
L-Aspartic acid	139519689	136013233	143289407	99246633	111023984	107524875	85909927	99004728	88243321	134747120	135438456	138569888	97427764	86682144	105837990	78571226	74471809	89120291	14001884	15273703	14561880	12630371	10330524	10392764	15163768	20228323	15557225	16199395	14152865	13429056	12326524	13002457	14008444	15230567	19927779	24464885
Adenosine triphosphate	26008300	45115452	30728545	53805223	56464051	71250293	28881652	37535026	54563375	19974318	26156561	28015771	34324134	22025788	39325495	47025824	45435271	52797210	18129058	23135454	18905707	18589968	23419439	23098575	14557071	18882540	22878419	13244377	13382009	11656580	77354740	87320533	80967240	105310729	107137755	133667504
Cytidine	6521736	7037959	6942794	5130507	4256673	3852833	5314833	4952968	5311002	7763736	8295145	7828403	2908214	3645202	3835030	3279308	4310280	3513297	11599691	10311494	10033173	6808377	6479258	6326026	5366646	5396482	5311854	7366589	6883822	7582756	5106497	4244990	4678298	4418028	4199093	3959278
Carbamoyl aspartic acid	5494188	5889581	6220686	3701672	4909256	3704836	3059572	2921361	2777052	7383803	3632726	5743187	3170341	3803416	3997578	2947998	2590281	3004005	7353663	7160084	8174646	5032934	4103147	4366459	1820550	2599006	3183935	7576908	5384089	4887115	4111720	5157806	3921508	3450581	4254430	2857769
L-Carnitine	29305814433	30855013970	28944682452	25534044324	23364555899	23425445727	21645960488	21152039427	21969841973	30839756348	33395213583	31796867021	22634954902	23948701355	23676837224	22194105238	22125730517	20989139327	1179924095	817408872	908772737	964425146	667348359	770617092	729852137	849003459	652612790	3449659019	3021722807	3545303757	1953443949	2211224699	2498630978	1379464466	1614604568	1703938418
CDP	1151275	1054099	1224322	2089238	2791624	3102289	1773103	2570525	3042461	473878	420151	580395	1173594	1170043	1404576	2352225	1458923	2220743	418378	77990	314569	289446	60770	255661	306076	659404	73500	96740			1202997	1062533	855708	1656637	1628126	2605943
CDP-EtA	113326			0	0	0	0	0	0	121881		215532	0	0	0	0	0	0		116504		118039	103365	208754	148296		114896	0	0	0		112528		192695	155731	
Choline	11410705317	11748750195	10878477555	9660311822	9592052838	10143798508	6971960964	7095838266	7472489205	12464967927	12428458137	12311271754	9759050221	9447363439	9171924066	7440636109	7460523439	6966371793	14379511497	13336953514	12428691330	10767862525	9845967441	9768625737	6157886951	6324467218	6350334981	11434439266	12005250213	12009124446	8946476453	8531633258	9543119735	5253876192	5548007289	6118998774
Citrulline	3864601739	4813894660	4181702392	2188079117	2518790261	2524809715	1805771014	2093264705	2052099631	4166222499	3682500731	3289086039	2272862316	1661970118	2315419247	1974557459	1990937756	2121674318	122230459	116761127	103765149	117287326	109928353	101480035	118383158	145583543	144549857	250391478	222870351	217780018	173995940	197592761	172793831	188241988	211743752	216223117
Citrulline	4239868237	3022644235	3198001923	3594121414	3289426279	3738395976	3228901330	3143972189	3378244707	3375453733	2627173373	3639639807	2998628500	2885311598	2737219582	2985717928	3078403477	2729432106	15007217	14238096	16651333	13525444	13793094	15110948	12902997	14592806	16986509	86299375	93955883	104928576	73536984	71961689	78921547	46485591	45305561	54206318
Creatine	12651661177	13562344691	12590579132	12083680115	10914592064	10934160151	10309187327	9752188188	10679030486	13757165014	14738740820	13573256155	10994168042	11948868304	10991879527	10682386426	10810618031	10217708191	756991999	675487848	619644008	467371894	465993069	490275768	458666423	455475182	437181456	1559794348	1598764639	1629942447	1038813567	977041383	1025102787	854603456	880141994	914413715
P-Creatine	53.15815425	56.20609061	54.46101859	39.01485527	37.23793922	37.94460833	28.08102789	27.48408214	28.7882696	74.91185596	71.6073989	68.52187754	39.56657421	39.50953248	39.36433708	34.93494675	35.5786464	34.84016422	18.49636949	17.30432429	15.20750233	9.196104757	8.993229966	9.611768444	7.202203596	6.78774177	6.13716652	40.51080334	40.75062224	42.02710991	19.71922766	20.50737812	22.63090516	12.06108972	12.76115006	12.69502784
Creatinine	44055931545	43302725243	45525146200	36197867318	39290795702	36418876133	28386677886	30660940211	28951892621	48580277234	45922027038	44869206880	37526139549	36269148554	38998695600	30581870470	28835876611	30707515717	1325598342	750620425	939859142	1023171453	692730199	806081637	698635229	886320644	619197692	4432918193	3766311020	4682399556	2750015334	3446282249	3478256918	1654682803	2242731652	2211241034
Cytidine triphosphate	1215091	1965875	1161268	2957470	3326235	4541962	775698	1457317	2117260	785778	726456	1488214	1566918	928084	1776089	2885540	2386363	3000618	398178	516104	620065	464358	708785	285734	204913	379174	458801	141511	187509	112877	3976272	3561136	3744896	4778638	4745608	6330903
L-Cysteine		104649		822657	168950	73623	752280	106107	1684804		242430		79385	125591	207536	394962	1864695			486977	229385		635008	298258	117893	279643	2213050		280866		1692754	236414	85203	2928683	189280	97461
L-Cystathionine	0	0	0	0	0	0	0	0	0	0	0	0	0	0	0	0	0	0	0	0	0			153173	0	0	0		154061				126147		124048	119745
L-Cystine	630982979	718419797	635819395	272641138	250587538	226705544	127335885	112672774	132835508	628849769	726461887	728879634	189046631	217260128	189343025	164139668	162120447	133017064	1833121585	1944308704	1838147198	824789297	861757633	831314793	437528979	407701053	440140077	1432561757	1493664113	1384584011	576086438	529193747	549019797	251312646	252569793	239954180
Cytosine	2067949	1673244	2755812	1299961	2179243	1384509	1001915	1513016	976538	2902009	1830687	2170772	1234099	1017516	1487517	1090360	606783	1022823	2795884	493302	1070223	1936447	1060506	421605	399469	1052627	572119	2076804	491174	2237021	517368	1066654	1381694	478212	1256884	1122583
Deoxyadenosine	7567892	7830936	5693444	8457633	4058261	9312004	6578677	3023370	12456117	5545231	13418924	7389393	6198700	9716724	7407309	5807243	9002414	3776431	5055663	5130558	5047036	4460495	3406462	3662558	2901900	3535377	2934768	3401832	4223625	4210975	4467003	3239193	4180993	4158795	3107017	3796197
Deoxycytidine	6435411	7102756	6955596	7058399	6558631	7053254	6323093	6079337	5721714	8393438	6323673	7102465	6490317	6256105	7040122	6053549	5223698	5925524	3934104	3741607	3757024	3218064	2552899	2928003	2113795	2402000	2265913	3549932	3070772	3095362	3011151	2911128	3450149	1934653	2862396	1928249
dCMP			171969	0	0	0	95423	122983			88235		0	0	0	98711				65649		60652			0	0	0		83921		71126			0	0	0
Deoxyguanosine			248346		488752	324060	422116	582399	672961			187958	184995	405162	419028		263905	348113	0	0	0		343192		258825		153273	0	0	0		282048		126472		129422
Thymidine	10008845	10680540	9885265	10325452	9825104	7420663	7227100	7292756	6910876	9505935	10473749	10907667	8701456	9519173	8091833	7558717	5392571	7781363	6000111	6472502	7741637	3841315	5058068	5127387	4071719	4149398	3721930	5567931	6349403	5139225	5524045	5239238	3584656	4642695	4226743	2695664
Deoxyuridine	4817690	4195544	5211670	2638656	2960773	2446758	2112715	2393010	2247882	5097809	5848007	3957182	2803596	2474902	2691337	1993708	1978771	2748990	4061346	5028342	4773730	2203127	2430707	3005236	1544104	1378251	1725591	3400553	4477431	3134742	2373097	2661312	2115450	2107448	1226797	805236
"Fructose 1,6-bisphosphate"	439887	533361	487524	1123048	2026353	1779059	279721	942858	516263	3914391	2825666	7181577	16286245	7975222	16414055	20850878	21407800	28195234	1933648	1796141	2813635	1012400	597497	1782155	860264	841200	1206254	3789813	3827914	2587876	34254264	41135843	37652883	50876906	58616134	57388888
Folic acid	11149904	11405762	12441587	5762276	6437310	6520025	4681471	5951478	4724527	10799571	9925261	10036923	6363655	5047864	6012075	5179871	4162839	4944687	194032299	166345000	180165635	105647230	90842440	91596826	66727852	77727711	72117494	178393951	146892163	172185331	68740378	85593312	83125474	58670456	68413219	72432049
D-Fructose	962726716	972738116	986928232	741972333	741657741	722613652	557119221	567039004	508839765	807223137	841090364	883104061	559738789	581946963	496207524	492382264	450625078	472141136	32982322	34714786	37480082	30092809	26577715	27269117	22562383	23792185	18120624	28038092	36129025	29674905	30653371	29880844	30405965	23902357	19996469	23882081
Guanosine	1764600	1073581	1651965	1796236	1643636	1429006	1919244	2145079	3110415	2066228	1725771	2192732	1730476	2582247	2055648	1677488	1232709	1503514	1130596	734877	1314062	89173	619951	763808	1398744	1460845	1611888	496550	910002	749087			64232	884625	665930	426733
Glucose-6-phosphate	5383767	6502582	6241554	6944038	9286013	7889489	9251288	9344219	15699304	12529205	10265628	12279096	17353602	13931423	18560807	13400184	15117321	15421964	2736564	2344131	3652073	6397403	4558515	5494649	6553446	7085868	6659840	5260965	5931616	4352651	9039402	9338929	7002534	10424439	12521142	10188802
Gamma-Aminobutyric acid	27306100	30444128	23421265	36280791	32771026	31600910	36775698	35768344	44347540	17692440	22066386	24894604	29062925	30768953	25952737	34263119	39715377	27604613	4062031	6580754	5930719	6287558	12724303	8093886	13142807	8336551	14447498	4841141	7209708	4018426	12849743	8261132	8083613	14332938	10411068	10107379
Guanosine diphosphate	162590	498775	265266	890087	1179516	1700525	256360	516783	840722	89675	157371	332179	374570	183385	221888	949793	1276615	531955	134036	80139		158677	66990	149141	281811	62775	203184	0	0	0	1306788	2179492	1440553	2631412	3118281	4834843
D-Galactose	14551483165	14035279040	14812744480	12271989841	12990414655	12390804490	10329463453	10756614199	9023112679	51573674250	48753273060	48286814237	44082551516	42635308852	41693618615	39016366514	34303794645	38690904768	22904314118	22367238725	21990559989	17885604412	16895175170	16811745127	11947796805	13018308572	11468160201	51350270299	47547153099	49525588055	39006582671	41436659491	40427171820	29641713761	32267964715	30219160901
Glucuronic acid	402104	3791002	2076880	2943883		797975	1662212	2906479		1199098		475026	9165745	10229194	12435448	2499077		2005648			676359		951563			1492261	961475		492992	678145	2304633		1260492	2888145		706994
D-Gluconate	65048086	66967098	66302947	65678042	61149259	54406350	51622763	49756674	54349822	767659628	875567896	864240974	453168671	611526573	511582245	493546134	556054762	405628577	64810568	65629973	61729264	43590766	34791165	42723338	26170030	22862740	26565573	435514278	445456061	318927319	235334033	212108548	255751679	134242267	131944403	120600425
N-Acetyl-D-glucosamine	14430117	11150585	13785941	13097127	13947062	13672502	12584323	13940739	10187929	26172418	23628930	21458608	14774802	12987955	14733088	11327874	10210706	12283187	15498558	11757359	11162276	9078332	7586495	7227041	7865757	8190624	7240293	14257252	12692335	15182354	6934385	9226977	8845110	4612451	6606618	7457306
N-acetyl-D-glucosamine 6-phosphate	915853	1441855	321962	805294	1291394	483043	1487089	691611		247681		158482	994573	585960	1677146	860757	992388	822827	305408	821184	408448	320837	411200	785266	2134973	2502927	1928111	942789	297666	1569443	789416	577708	1853318	1531057	2134650	1193514
Glutamine	14432423722	9270547747	11430435452	19917677040	20545795272	20953539232	20011254812	20721980345	15424248092	10781452141	8409561720	11739308563	19406158590	17259914251	16856247101	16477381260	15802872948	19330988318	43227073101	48163055512	58420963240	57073001409	54980059491	54988414208	42388393689	45423822200	41786413035	38822476518	43377205733	47946294744	45630428927	47721267357	46986683397	37130262873	39701725104	37935433939
L-Glutamic acid	1212233065	1117900508	1327488346	1120214145	1363849125	1311717206	1264978117	1359978815	1236460133	1189982633	1080243050	1130473981	1216452568	1025367315	1275611012	982288683	980598420	1196039795	524056491	462588221	467612561	621158966	520407104	504351052	694362744	760545419	693221893	577105153	454728075	562172411	485178555	630963538	624700090	730969231	815191840	757730024
Glycine	421796597	441784973	373222651	454878482	391518695	438316210	397402127	361842864	417269151	373407282	391150118	392725835	370078933	389361719	351510006	389297810	399464986	347982813	253244584	300868149	260554361	262183105	278044760	265852295	178299516	178861909	190130591	215090563	252934072	231680351	263243742	227037486	244603624	164281414	163939553	178883499
Glycerol	79226141	62909669	85781517	54760631	60991022	70860609	39893422	42771386	29656103	91774019	66775612	74274079	69385922	59757722	93484956	43921519	36649602	49472481	2428295	1142821	1328342	1633738	841022	991132	3135246	807976	536388	12791011	8005934	11377088	4701725	7261786	8725056	2338088	3828779	4081142
Glycerol 3-phosphate	847514	618259	963869	498139	258121	660024	597370	1070791	688351	1003266	126338	488316	268585	292295	644477	831306	278063	560699		188333		169594	303508	186327	281883	689573	216049	161612	201908	493504	418189	248011	560907	605601	393275	708220
Guanosine monophosphate	271138	179470	740753	475877	265279	322585	489868	386956	1031158	360876	138597	258493	546562	416624	593862	629908	259803	769958	108539	193745	139992	65541	65529	282216	327919	572161	614398	258856	321121	175985	64054	255669	478965	361958	985599	676724
Glutathione	3298382	8777980	3228045	33252751	18017782	13963658	55986277	21746317	100874645	4353262	9108152	4473058	21903403	44816358	26468166	53972212	78469580	25320266	541495	3681001	2051787	2869104	9873480	7228532	12533017	10900651	34119838	1044072	1635515	1125488	16567587	6697520	5090224	58651492	20207313	15007864
Glutathione disulfide	0.01744881	0.04177383	0.016519095	0.118074908	0.067743511	0.056574906	0.150251574	0.062223688	0.273649056	0.028915268	0.054694413	0.025780879	0.096453018	0.191811534	0.117813849	0.171145891	0.262468977	0.086629535	0.011482299	0.076627068	0.041736844	0.034816271	0.108029437	0.078821714	0.073181491	0.065110664	0.195905819	0.017013785	0.025523599	0.018663169	0.141824683	0.055186003	0.045588825	0.225116209	0.082791196	0.065944604
Oxidized glutathione	189031918	210131080	195412943	281624196	265970596	246817165	372616908	349486147	368627783	150552365	166528016	173502928	227088829	233647878	224660906	315357919	298967066	292282141	47159109	48037868	49160090	82406987	91396200	91707369	171259384	167417291	174164495	61366241	64078541	60305301	116817374	121362658	111655083	260538733	244075627	227582895
Guanosine triphosphate	425901	1070905	477637	1069932	1648478	2746605	269074	179650	723964	173705	109854	728655	327346	68800	709418	1098870	717831	1121469	182657	182614	487887	343003	354226	423436		287858	424915		79561		4165466	4232460	3708514	6290042	5158912	9726864
L-Histidine	407156859	394024862	365064637	553496063	586091921	702436966	930700136	1124406217	465720496	386459125	378121909	426179995	739402741	523960272	616533376	441957855	463828844	810794541	724929973	844453004	1145598309	2090193566	2257782094	2730716468	5564644150	4992558427	4882114625	658993838	768192522	793419763	1156198005	1114175109	1026832880	4625025252	4262225179	4452882274
Homocysteine	1343335442	1252917498	1377183619	890519400	881543150	760481877	528410561	530934201	531256420	1308186819	1149361803	1174967924	725643258	732489400	733020282	592573699	512799184	516503420	3720237	3524985	4163643	3575675	3577673	3363187	3010968	3200487	2699791	16759368	16736688	18112227	12240602	13001356	15467806	6048671	7091675	6731176
Thiosulfuric acid	6518542	6948006	6003513	2122741	2754425	5243786	3452787	4016502	2327939	6935570	3312622	3438553	4507579	851619	3692789	4017309	3627751	7733121	11266738	6566677	9036853	3499870	1644862	1972152	3487188	5358349	3536077	13317663	10529924	12950714	2119584	3914319	4247394	4767091	5339913	7342220
Hypoxanthine	5634665658	7400879134	5874855358	4474263530	3798404072	3163809138	2336804077	2031750855	3371830656	6555598933	8007050296	6913063735	3351943638	4419905213	3732537882	3665691142	3733880180	2080960221	27129099	28023242	24526024	18482104	22895794	18098037	2434937	2577463	3859119	127604612	139121087	137565798	87389436	69214237	91835536	6329540	7479814	6103948
IMP			59676	0	0	0	0	0	0	0	0	0	0	0	0			91725	0	0	0	0	0	0	0	0	0	0	0	0	62123	59250			74398	
Inosine	4878974	6679706	4896598	5900476	3025435	3507398	3461651	4679994	6057066	7370748	7749998	8430408	2362522	3933981	3300479	3707308	1941723	3655942	496419		497420	320730				308516	214260	322301		318747	721787		306706	0	0	0
myo-Inositol	11353357275	10706253689	11565848336	9434183038	10096490582	9798053457	8240522500	9186673998	7742283875	11141313048	9958735267	10223852059	8936128527	8569783134	9316539736	8333102298	7629274933	8203209572	4867854019	3675745169	3890306408	3805380746	3226618357	3356187103	3868940994	4241885495	3677067361	4701458363	4042848379	4343199763	3602232740	4077277387	4189398150	3870591030	4360425937	4125272094
Lactate	4677561928	4308267661	4830788023	3652371282	3601406981	3623690112	2557946099	2818356803	2463983358	5141081648	4346498593	4485039876	3422485783	3475625409	3580446706	2571853151	2635567531	2670009812	525900180	513758737	493362683	393315084	332158156	311609036	255716525	301471576	268805893	776682155	664007302	736899263	524137309	513883121	457554980	321389511	386316666	302804386
Leucine	17616558962	19107101158	17413460753	15781712750	14466024087	14218489489	12620044752	11947017348	12959145855	29279246543	31595658136	30050326388	20924506020	22234863518	19176530766	19117743660	18797272881	16875153000	67228654519	70285055411	65281782557	49465390450	51920312621	50861305421	37884160835	36604562778	39243653003	69228357725	77188175226	72375820988	57150729548	52432315375	55422030635	41866134068	39976619080	39731305499
L-Lysine	481563362	563100997	520695106	385295366	350254582	327500283	283016870	257424491	248548471	497951527	547856911	570768716	300252539	325847964	299570451	290323902	238101591	231554719	1943018404	1883501904	2011864408	1213825141	1171828870	1245681800	840356645	792694175	773147517	1667632093	1684818844	1569220186	958986331	924991773	929572053	691373845	653074865	639757751
Malate	555331291	515396944	581445809	528085885	588920118	573234733	594217528	651713136	583068746	541891419	462198215	485232130	570826828	508843915	610042760	558832586	547119854	574472189	244327390	241524970	238810243	323420415	308146999	301211886	373240734	439810051	394831147	271253122	254456650	294567560	366417968	375922819	397870709	439118818	517373831	488643870
L-Methionine	1897477130	1896634134	1931001318	1600538799	1518122943	1503842930	1267459546	1263541624	1235652642	1928347057	1918613253	1881256362	1384853184	1431228829	1381546655	1198674780	1155315640	1186452996	11843139456	11456365174	11046854776	9012394917	8577430563	8788929565	5939557788	6078213305	5998529373	10117686718	10077305617	10070982798	7529852985	7493820600	7755807444	4998407843	5264400275	5327208217
NADH	13245347	16673540	14685552	26584113	24929032	19405344	29055698	27370760	33215590	10958061	13106192	12966234	19933443	24053144	19823109	25127850	26657064	21092190	11640570	12906763	12479148	19109857	21733789	20087799	31027398	29107210	36645240	11119424	10923828	10474834	16311187	18508721	15017840	33092493	28914489	28197743
NADH	5000766	5247711	4938516	9022891	9343871	8454388	11625422	10909663	10314979	5294428	6028368	4327835	10744681	11509518	10025767	11235196	8457057	8801912	3378840	4507894	3357394	5852399	5651344	6444890	8713780	8439008	9032371	2832867	3275932	2200671	6511905	6304183	6621037	9754842	10020155	10791028
NADPH	1458017	1999400	1450409	2803001	1598636	2298192	3009698	3222705	5363020	1014691	1244447	1878259	2599940	2408157	3521001	2632123	1082489	2248298	2768620	1596611	2336541	2057800	1995501	2281175	1989957	4061666	3007443	1692038	1379245	2540510	2664390	2915474	3270508	3508343	3936292	3772539
NADPH	1320994	2337080	1695500	3583589	2912676	2491626	3437183	3552053	3006729	568634	858955	666378	2120925	2746060	1934318	2217245	1877080	2689965	612457	804279	1240557	1747769	1183252	1200813	1298669	1188133	1686751	830278	938309	713866	1502469	1744266	2050869	4000689	3510434	2485638
Niacinamide	6421680695	6247087850	6714498277	5610460272	6030765861	5538557732	4385505505	4684742772	4259565520	7208659648	6969694425	6515718879	5736990037	5644822201	6258367285	4366709841	4352565950	4606290440	21122783392	19880659012	19151092254	16458425956	15454291882	15432515395	11229018830	12442594649	11686231949	18577972930	17835107069	17854145602	13969510161	15073025043	14666710898	9800578506	10751449357	9948438290
Ornithine	206435663	246721835	224687574	167867372	150443741	142864846	119031021	111170881	100021815	209020874	238758228	235913569	130010547	140544063	130080148	126690881	96553298	100191535	25838598	30391932	34701625	17627064	17175216	19301788	14022446	13944665	12972021	32643416	38116134	27874060	19167935	17880697	17366416	11740385	12975594	12016152
Orotidine	52723260	56743544	55982097	93118807	81571945	76583577	98170052	91515513	96117028	28200320	30190838	30253262	73536801	84687222	77806325	89328244	84003831	70711312	2796088	2612292	2231944	2719486	2349160	2033221	2692644	3310236	3694893	2190108	2136745	1268345	2775087	4617322	2903504	4449291	4150253	3804877
Phosphocholine	161689049	156498892	151940186	203724439	206372180	212925487	235899655	235122836	242403012	144551187	133234136	141003786	218982943	206853353	199914172	225102379	219868628	233290595	90349567	88209964	88681358	108004839	96219138	97230408	133503580	147688666	137270806	93835952	93777747	99939557	113469512	114619559	125755753	158104555	162698949	191053311
Phosphocreatine	238000385	241296709	231185157	309719978	293104084	288161102	367122862	354830412	370950760	183644696	205827066	198086460	277865048	302430010	279234463	305779382	303851302	293273824	40926518	39035783	40745942	50822811	51815985	51007863	63684179	67102609	71235065	38503170	39232889	38783120	52680236	47643408	45296588	70856239	68970429	72029280
Phospho-EtA	2753865	3031843	3137888	1143665	1633737	1563736	615825	482509	422053	3408075	3272845	3545840	380911	629765	694618	381617	385506	448404	2860043	2622837	2450564	2451401	1638392	2408609	1464031	2241794	1532568	2405995	2217956	2190073	877987	1434466	1193501	1415220	1790502	1788579
Phosphoserine	0	0	0	0	0	0	0	0	0	0	0	0	0	0	0	0	0	0	0	0	0	0	0	0	55562			0	0	0	71200		74745	67965	64882	115185
Palmitic acid	2573611803	2008235545	2412009871	2150828277	2320216194	1960306534	1653161704	1607583351	1639827111	1639675805	1477811585	1404877529	1796570770	1765752851	1655111508	1440328730	1648400110	1855049776	2264908544	2224576010	2174143327	2362019443	2090623609	2542478341	1729980625	2088151736	2135363497	2195602129	2232336770	3473444430	2224899522	3460601123	2411702891	2771992101	2351517565	2013698821
Pantothenic acid	81949290	83189600	77451890	63864444	58668136	62373881	56595720	61773178	58958150	102119165	95417739	95632258	60604276	66395457	60126651	60130101	62025549	53075275	2082753915	1860524604	1994777632	1114759317	996310089	1048539442	708330949	700934833	679551777	1809633955	1689523362	1698791414	808619841	855110061	818998519	607678841	623168556	570355314
L-Phenylalanine	13757624957	14339181097	13393510818	10802654052	10005985901	9970188680	8266622440	7846185673	7897724669	14554306180	15010909345	14341804989	9568066417	9813379943	9247789703	8325103387	7731928462	7763478244	45699746955	45730019987	42490016921	31500242555	31605089937	31230655515	21969630177	21695588122	22645168932	37389657470	39754764551	38031148205	27010408603	26385886348	28243655381	19147309077	19432010691	19223082443
phosphate 	7455477912	9977820986	8080496109	5112496382	5919047443	7006139848	7295311247	6833871522	7369877340	7884157464	6905734937	5706544191	7501285136	4249848547	7276440749	8924717576	8251497421	9436394046	6647740011	5976983658	5345884507	4753205926	4440530843	4247014190	4940166262	5561470750	4809769850	8493949836	8995455194	7335549445	6121600633	7012444587	6381153706	6207632474	6598677136	7735331861
Proline	13934498645	14275888055	13796537054	11678371594	11326453261	11016295381	9092705899	8887084070	9007567187	14959943967	15393191213	14623021741	10876795403	11178317204	10767275170	9434460886	9251251362	8873024325	887372718	738953139	700389495	647155460	558257020	555329765	486403526	537923878	475622729	1356539183	1278851668	1329445219	858874209	931374900	936161747	590615059	670081714	670747551
Proline	1598226827	1990924074	1744377986	1141830046	1052304473	1078262558	916548004	888460917	890013376	1984071170	2181124843	1850755356	1024977135	1023972751	964828715	876907008	872591536	860446849	81514913	41158218	31274829	23110900	22143536	22117673	16914208	18766102	17812939	137111626	98172589	97260828	45472480	45986243	47047580	33215069	32888309	33611702
NA			227948	0	0	0	0	0	0	0	0	0	148196	400594		564059	853582	242578			119775	125629	158982	115606	543667	299225	373594			119987	525878	683991	594980	1203524	1147815	982978
Ribose	195034	64176	80086	130733	144857	356706	0	0	0	260357	66931	376085		115791	78919	162392	66321	199774	286831		135429	0	0	0	48199	86528		103589	153892	308271	67999		888291	222870	55090	192461
NA		114256		211597	180435	128105	95554	267665	262787	0	0	0	271492	219639	186108	63451	304015	158147	0	0	0	0	0	0		111378		0	0	0	98192			93656		
S-Adenosylmethionine	25054565	26964751	25262655	29901541	28845130	28406023	31555384	29074542	29832182	20588659	19890715	23258505	24145292	23108400	23813026	26273681	23147533	24155457	43078417	33730072	35389042	41748641	35669975	37015643	18029989	20354211	18922551	28527109	24584945	30096850	23335363	24527034	30962878	15987949	20904287	22983398
NA	0	0	0	90329520	95294601	110871002	77180756	77343378	79022653	0	0	0	85058243	79363858	63618647	89723130	73416190	73281993	15485438	18921102	16746846	18497004	19012812	17853478	11110475	13703747	10722303	17585236	20562008	15367740	20919777	17999162	19853921	12528039	15263282	16141138
L-Serine	281940409	289868104	316152069	196603284	208930636	207942803	197013603	247150803	139987598	305006739	279382245	297321541	199170243	186584211	195480784	147658032	139514384	193362652	1091089602	896991375	781124061	716022254	668657680	887764453	1696445500	1883707027	1309575332	789661357	667459266	704189377	413062992	453795840	422562504	1330790417	1599997373	1623721855
Sorbitol	195559775	194286210	197030809	185873700	195522937	186134964	176644557	180829163	155952396	119468013	123349226	145628387	135473567	135960910	137123961	143530976	134762359	140670956	145902688	141832428	143471693	127855883	118929482	122513226	98208538	105825670	102362487	108535422	95692769	103944838	94478573	90185690	88975169	94729658	105522350	93651733
Succinate	468583696	496152319	483544593	329086188	323338642	310391325	272621377	265466014	258539280	501647064	513638371	500164620	288019665	298241670	294667636	299774645	275485693	242787176	35494441	37670457	35484258	35198148	36606373	36108467	32973094	29834581	36120393	57587592	57940207	59238943	47125667	40865786	38520272	35244918	33229369	31831018
L-Threonine	760136740	606417236	618199359	1155468292	1054279292	1083241924	1068808060	1047593783	1017510878	619129370	570619985	685752607	1029628590	987419159	929543323	966827858	999478547	974157982	3025077474	3446079760	3762800512	3282710511	3257333661	3173626841	2420459881	2384360236	2538897566	2526480112	2923971512	3131951192	2755500134	2656997699	2856529648	2227686345	2170907647	2233118261
Thymine	10797726	10670890	14726919	10571569	9978423	9273413	10060936	8308250	4615445	6996201	7789499	10049997	7785567	5972781	12026395	5248395	6108227	7922852	5845842	4654252	4922959	5386446	2699491	4494873	1520294	2784515	2810429	6657018	5644690	4605359	5619535	5063631	2639455	6664059	7339608	2520638
L-Tryptophan	7792243131	8222757624	7884080567	6385839006	6033529967	5915872314	5009554740	4952390805	4867851635	8365045132	8649152591	7797682747	5632926630	5724590769	5389759750	5104555855	4800638677	4819721667	13205501057	12946321210	11560205348	7923315604	7767586874	7488967990	4894100400	4952875021	5059153743	10399174620	11059568947	10360820140	6640209788	6509323043	6695567108	4187959508	4273093694	4373592830
L-Tyrosine	7046702455	6864704762	6636702579	5396921299	5001565081	5250675109	4235060520	4008420864	4048971103	7210778666	6723506996	7132575126	4626058063	4540212269	4404968643	4171239965	3917853836	3855615625	29346478116	26151134959	25656915256	18989398050	17072025942	17348125573	8550706371	9410742030	8769026223	22502294294	23108917774	24187241034	15286286219	14919389641	16987322339	7448364181	8469004299	8690967453
Tyramine	48070	67379		42981		22198		17301	111255			43053	81126	27194			28030	19473		313010			494728			352181	243556		135247	76764	0	0	0	54521	150625	
Uridine	987506423	1086699018	1057060379	679055142	670973058	621291533	532426780	548863585	506951197	1131611267	1117083963	1082955677	600203795	629821520	573182411	527171153	484688040	496748070	42124514	42844085	39913454	26566553	25536822	26476176	17828953	19383712	19363115	75647213	70276215	69961470	39604182	40691117	39190788	27658739	27195069	23708593
Uridine 5'-diphosphate	4505605	5028495	5203573	7734663	9530877	12049979	7250443	9052737	9923426	2867638	2265606	2630328	4981353	3655000	5440617	7768476	6960429	9630866	878238	414783	949158	1259094	802796	997994	1929511	1799427	1689015	838355	413956	788319	3640998	4840695	3269255	5836143	6271746	7730584
Uridine diphosphate glucose	43779786	44323037	47454059	64424659	65108741	60650251	71613992	74149986	66394368	45418946	48025639	51908624	65319272	67907267	67677602	73702241	61473544	66859911	22658184	21062752	24442072	30297270	28693268	30107482	42040229	41382113	38429418	22124504	24625422	19209585	28746316	33062188	26970332	43124509	45498680	41315211
Uridine diphosphate-N-acetylglucosamine	42948477	44517339	44744252	52481064	54309421	50307634	56738533	60178726	51101543	46199410	40458784	46841548	51547570	49110489	56788173	51817958	47716119	52207892	43349108	46119254	46247832	57427550	53300383	59138568	64112328	67368550	67329910	42763382	36419929	36410522	42001037	48085099	42342164	57797858	61540048	57047746
Uridine 5'-monophosphate	5002159	4986872	6279816	4795580	6317199	6933095	6235506	9051672	12051239	5396559	3108766	4242942	7352255	5555148	8079503	4731065	3635901	5230593	3898972	1419286	1838079	3098126	1785297	1950742	2764576	3287167	2273504	1371336	1038376	1697275	1398948	1983956	1598025	1455492	2396317	2557255
Uracil	23046941	23772024	22109250	19552109	19134864	19363844	16291743	17901932	14789281	27337722	26182075	25745572	20468512	19799891	18385673	15029192	15545404	16212386	12211692	11921618	11057795	8150285	9094827	11074552	6652447	6843917	11455397	11372726	10871091	12700394	14881141	11612751	8513897	5097846	6526007	5501699
Uric acid	9490068084	10547530510	10191837457	7359475924	7580430767	7033806343	5739882996	5986057228	5850256359	10581446128	10568419259	10068332648	6804103721	6973312677	7321607435	6220155005	5949441828	5797970328	192288078	219784635	182885318	139843680	143882081	129074401	112745275	126252239	118213252	943335609	941382625	823914672	562755940	573517690	573665187	329251444	381472426	357549562
Uridine triphosphate	3391097	6695956	3472628	7337938	8996714	11314723	3734928	4161111	6281229	3068648	3397341	4067143	7048521	3027241	5912638	6847190	6511578	8393239	1469437	1598468	1761611	1657196	2341371	1768915	1080677	1398940	1544015	991744	671303	275412	8427368	9318056	9162388	12160339	12110586	15048370
L-Valine	7078173009	7242867439	6736055330	5868753603	5398652447	5371566736	4554122214	4258723110	4458560551	7517044464	7550304217	7637901414	4938177228	5704300193	5072798092	4599430717	4396300104	4280970707	12686900057	13794385776	12787116976	9725176161	9997257851	9892411069	7877477440	7364941626	8189521450	11563024954	12786674260	11822815416	9288259620	8404051157	8954369765	7018642773	6870788329	6576821340
Xanthine	9197209	10486545	14278142	6949637	11394270	6527055	4835802	5872073	15799537	10435713	15395510	11546660	6750176	6402052	14570908	4728872	9775729	5798264	0	0	0	0	0	0	0	0	0	0	0	0	0	0	0	0	0	0
