"","Name","PC1","PC2","PC3","PC4","PC5","PC6","PC7","PC8","PC9","PC10","PC11","PC12","PC13","PC14","PC15","PC16","PC17","PC18","PC19","PC20","PC21","PC22","PC23","PC24","PC25","PC26","PC27","PC28","PC29","PC30","PC31","PC32","PC33","PC34","PC35","PC36"
"2-AB","2-AB",-0.130201459906513,-0.0487488224856079,-0.0246212129681001,-0.0136080183978817,0.00866176388019443,0.0319983305259017,-0.00207662655040058,0.00204116425711846,-0.0254531988378081,-0.0324010050439927,-0.0150304328318142,0.0122998025789097,-0.0195042497303898,0.0130842508127031,0.0222369713702976,0.0333978162766396,0.00386829218469577,0.0109260675297939,0.0227521433776612,-0.0341860225421119,0.0434388604742917,0.0348453305466634,0.000610289479392993,-0.020879112058856,-0.0209546997432032,-0.0354925763499064,-0.00531865411090249,0.0154067935582542,0.00231014537675572,-0.0150164255270133,-0.00271170627508044,0.0454684093564798,0.0382879001714705,0.0284007627920926,-0.054298891024188,-0.631438978377182
"2-HG","2-HG",0.0616288129665003,0.162634881605621,0.027854814187275,-0.0996662131088695,0.0192151824922048,0.000463654908081713,0.103897312445766,0.01338955015981,-0.0847456647843776,0.0759054564488604,0.0482478583254196,0.11120648221445,0.102699322595607,0.0205271711078987,-0.00226680859991399,0.0640533625379718,-0.0259696544619486,-0.05115078489881,-0.0129636962105899,0.0690623729675841,-0.0694306657972257,0.0435673138209421,0.0236889050946913,-0.00350132892594546,-0.0386580082045213,0.0734145494711169,-0.0597509728496165,-0.023548805848133,-0.0095070991892716,0.0232051486934633,-0.0404229498338132,-0.0932712382789429,0.272766659644886,0.218341547394018,-0.0530821433436046,0.113742841904963
"2-Oxoadipate","2-Oxoadipate",-0.0590294369249635,0.0979821304732547,-0.019235105763473,-0.098786549931852,0.15952165888138,-0.0862419198792293,0.234483754053381,0.173030354280695,0.0384079766065156,-0.0860907880078047,0.117524373730961,0.116821791624928,0.0764676090515785,0.0453545001966112,0.0948909947549081,-0.322351584958908,-0.0532441557859523,-0.0880830743024239,0.348092832168538,0.239503761557985,0.0330561513394661,-0.253552722179512,0.0805897379683973,0.0672208090351019,-0.132409096111037,0.091543739855283,0.208506521473665,0.0495090044813475,0.189157836071581,-0.0525817859917826,0.0426229994624098,-0.127733640554829,0.0975249437289135,0.0456978298157263,-0.0526479687416104,-0.0859393519202401
"3PG","3PG",-0.00354646721177355,0.105949990224532,-0.207912536760954,0.0583341859904829,-0.162470698689886,-0.115434023924781,0.0680081417643429,-0.0301444737802127,0.118907657623031,0.0725982973827417,0.0200250085402348,-0.103985516097737,0.0711512198057783,-0.0296436735268559,0.270449616228255,0.0871700379055669,-0.04566548951879,0.23577388337377,0.0700196613170885,-0.0666889987702495,-0.174519500663397,-0.182878904108957,-0.0707073203182192,-0.233132506781423,0.253654022197153,0.0601446599209171,0.193852979097537,-0.0428225688024227,-0.0469565436748237,-0.00244966386723212,-0.168712532383027,-0.103559694886783,-0.00222539365644196,-0.0998343615087445,0.0240730381058656,0.224613595588526
"5-Oxoproline","5-Oxoproline",0.1280490905161,-0.050492195947072,0.0201353939055092,0.0788191567723913,-0.00925261546048273,-0.000416063968674839,-0.0381993348251959,0.0237103716618785,0.0304295147308208,-0.00390362397979256,-0.00649893628980519,-0.0164713433963736,-0.000247077623899686,-0.0417243441243833,-0.0253060411394712,0.00291362523328521,0.00123898154864784,-0.00165188757278007,0.00853553691274427,0.0200488214390948,-0.00652465410535016,-0.0384962747517997,-0.00895584149795157,0.0119167205075472,-0.0136501224018521,-0.0289747693013116,0.00991802274188431,0.0512710369043599,-0.00778453851042528,-0.0105372700387895,0.012800952510914,0.00426550185173346,0.0365724125356322,0.00404090827708143,0.00235501579041681,0.0946236795018124
"5M-thioadenosine","5M-thioadenosine",-0.116064015440734,0.0309378860918239,0.101040183381916,0.121331913003906,0.0930547896474623,-0.0117311458952079,0.0773953759552796,-0.0273171837820661,-0.000343071897272495,-0.0331839714741514,-0.0174985445751201,0.0516322944134982,-0.0117862516911428,-0.0403800159921674,-0.0457774345154346,0.0323324864957819,0.0604997919570083,0.0286157173125427,0.0402475447246497,0.00985896066361482,-0.0046112868318834,-0.235110233820983,0.0620809036223013,0.0131137543279859,-0.0513724348452259,0.0564709650546129,-0.0731510908657077,0.0969800831918508,-0.114409535466172,-0.141232143331805,-0.162131007095714,-0.00544570375639279,0.141841498233969,-0.148155181128161,-0.0361017495305115,-0.00871534579891635
"6P-gluconate","6P-gluconate",0.0391310069241597,0.13065503023355,-0.22658310193,0.0317803314888807,-0.044923664957053,-0.0298533740342248,-0.0433838206922712,0.000711844532471708,0.0338913715835429,-0.0164688704343304,-0.0679813387080318,-0.0171819873844486,-0.050917984948461,-0.00080724042040038,0.0300435476228382,-0.0785775471845571,-0.132799571759746,-0.00427476924292567,0.013447880362066,-0.0963667729630509,0.0736780689856798,-0.0803903406274676,0.00742468025714029,0.093040192473329,-0.0771770830945961,-0.133159995125102,0.117763203994855,-0.0168185751926589,-0.0626673652810855,-0.0946840114737996,0.18950331677422,0.0347612131573509,-0.128640101196164,0.0860737603183862,0.0139452979284464,0.0884118567670533
"A","A",-0.0347919116252615,-0.147717887687609,0.0460063114979132,-0.0903288040959072,-0.0257465576937988,-0.0352782365299523,-0.192793487336392,0.0937310044351535,0.236375152274258,0.067375897308247,-0.145944094674935,-0.0584495830079324,0.172030584560657,-0.109862676565657,0.178048246831785,-0.190941411274618,-0.0680785265539587,0.143621247941536,-0.0499250018022326,-0.0569204240119176,0.0423413699599767,-0.114564248174623,-0.225513503517385,-0.158401360723684,0.00090968021464372,0.0272850909831138,-0.18720769611491,-0.127090092064739,0.0232444631335224,0.00744899346677925,-0.108830663368554,-0.00322377770453042,0.0389897795171573,0.113173133644953,-0.106610092327869,-0.137177727894079
"a-KG","a-KG",-0.113676950205392,-0.0765964438304077,-0.0824763687682345,-0.0733401793065523,0.0784414292455139,-0.018822109422366,-0.0466016796847173,-0.0277460341464088,-0.0076809303633168,-0.0564910358415359,0.0161296234808269,0.0711284797433916,0.0640003072765319,0.0401550924470179,0.0791562336210834,-0.0828264280256267,-0.0356117076713389,-0.0354834429637533,-0.00735831063245249,0.0919292986532821,-0.0158934035739234,-0.00695726833029654,0.0140053181937502,0.0278120983459486,-0.0227733246737713,-0.0360343901705987,-0.000370130528529586,-0.0154228735084101,-0.128136094038785,0.0794941923097857,0.218911293960614,0.0371495044250278,-0.09638956786723,0.0887103546332477,-0.0645991955638494,-0.0559911799321618
"Ac-carnitine","Ac-carnitine",-0.133437201020315,-0.0235645554575107,0.00449154734679085,0.027093468109046,-0.0337804375272186,0.00819641112988801,-0.0122474441985743,-0.0126129230559562,-0.0319563983708234,-0.010517653866128,0.00999386514093809,0.00159174484402267,-0.0201115902381773,-0.0170637152745663,0.0424288517973802,0.0142732884652075,-0.0126665307367552,0.00253499466458956,-0.0175943441780288,-0.026451071865542,0.0137391534620624,-0.0133271427986663,-0.0104384741401616,-0.0247479644037797,-0.0223023627377138,-0.00864766816628731,-0.00488807430200925,-0.00377270817774395,0.0403121163562571,0.023654501378765,0.0125904569389631,0.036005470641457,0.0941811777834539,-0.063749950817289,0.0298106812241882,0.132926639668596
"Ac-choline","Ac-choline",-0.0622308834253371,0.134378352307413,0.0166552456592674,-0.0317721277176802,-0.191339625671263,0.209738397833243,-0.0724542860505634,-0.0447369867061436,0.0374785932849875,-0.0754991787005139,-0.0705116989158273,0.0666998843382784,0.0179632942701137,-0.0316950397444249,0.0737226017713675,0.0359842771279895,0.0308770992725768,-0.0642096559584202,0.0272780545734418,-0.0145216354538449,0.0393037137409048,-0.00661084690872471,0.0477969958944435,-0.0434621097200669,-0.103140533499993,-0.120811133359889,-0.143964557926399,0.162564091234209,0.00419607883279361,-0.0943623708002095,-0.0239029211596796,-0.141075128867192,-0.0578455183721433,-0.0557101248219688,0.0395509751204001,0.0685382414732748
"Acetyl-CoA","Acetyl-CoA",-0.103517155329813,0.0728373942930412,0.105010598644856,0.107250120275384,-0.0290261746300647,0.0571692232824271,-0.128113768984813,-0.0891236071984649,0.0659073376950601,0.0202786757930661,-0.0569467581264332,-0.0831942471619581,-0.014736980406312,0.121451169172643,-0.0724422966310198,-0.0550416449294285,0.00746417386864834,0.0425400467325668,0.184469151943826,0.100234379225936,0.0480425700392257,-0.00756112450685806,0.0957396551669649,0.118674395976095,-0.100169682430576,-0.116545184028143,0.190990974239276,0.121932425061333,0.105807549936837,0.0700053019912308,-0.0150800988515702,0.112635283366406,0.216430272987803,0.150429231616597,-0.0503269563540434,0.122772949007269
"Adenine","Adenine",0.109949940660661,0.00866510492568419,0.0200617601303159,-0.00141393326507132,0.107133913027288,-0.0922133162652915,-0.0723172288142317,0.176556925008929,-0.0914856007169882,0.128538960663524,-0.0375752822449005,0.0292582905942432,0.126745240174961,0.150404004088834,0.302404811500728,0.150321218534642,-0.0175630204199115,-0.137778778187538,0.00561889775818411,-0.247235544633146,0.152900764464853,-0.0797857978723986,0.113794041060856,0.0369749994964687,0.0317362229483315,-0.0229068298587932,0.0420748422013393,0.0533107145995853,-0.020448442581251,-0.0664112146172966,-0.11071227029612,-0.0363349837074042,-0.162673601634873,-0.158466286126338,0.00176408741312454,-0.151139036164414
"ADP","ADP",-0.050783396636059,0.155399115127245,-0.093220272607778,0.141199853432627,0.117543300695302,0.0286354080330959,-0.0826469784696186,-0.0130578991559668,-0.0110367594613389,0.0232756454952782,0.0491980599336258,-0.0535845755681011,0.0102499617752932,-0.0412757365855883,-0.0735239954716605,-0.0264653682700027,-0.0588378220089296,0.037761364668747,-0.00943661187524835,0.0188999713670224,0.0519817710598463,-0.0540537093993492,-0.0402186246425451,-0.0238400063160479,0.000293620478369731,0.120959546588299,-0.0487732129037532,-0.00444079275221093,-0.0270938642408308,0.0147091301133184,0.0186034870803268,0.0110967745765046,0.0427480705443786,-0.0312677460652285,0.0214776705342093,0.0168339761426901
"ADP/ATP","ADP/ATP",-0.0699779017248564,0.0339470915761256,0.210207759172282,0.0302748064115725,0.0570402663467547,-0.192088060586245,-0.0758009310544166,-0.19508449601255,-0.105305751466748,0.0435291969433717,-0.0333464094491694,-0.198981006230581,-0.0661217805418935,0.0619403208707644,-0.0153223433052833,-0.0768263680172896,-0.0860996518307201,0.227712807158642,0.0632142026808532,-0.0878601612841227,0.103102092610211,-0.0913738014924966,-0.0353790144564183,-0.0205417741315904,-0.0378893350089026,0.333474471331297,0.0584066498449501,0.158853911087966,-0.0207524621584566,-0.0539601665345327,0.069288470388791,0.0993495987271973,-0.0170530397250807,0.0304606615645099,-0.0559706104637673,0.089216267539023
"Ala","Ala",-0.131571045228894,-0.0418739442160313,-0.0166926949889572,-0.00817123820596626,-0.0105734960684132,0.0286185328580548,0.000304158790323154,0.00976676373636207,-0.0330367631548991,-0.0184103417443346,-0.00618198881127083,0.00410096286801257,-0.0123460036720935,-0.0102700624897598,0.0171196353746489,0.0333405896137089,0.00452300570202293,-0.000758627988652148,0.0170016180659943,-0.0262316647815981,0.0646399121788241,0.00448044514506909,-0.0046709867163829,-0.0170803838352112,-0.0560755180894408,-0.013985625174784,-0.0158082123912932,-0.000257828863698327,-0.00646360564103976,0.0102565942057204,0.00085004254565785,0.0528142663120693,0.0305939604350571,0.0468049093906032,-0.0810798195136211,-0.00062506066399504
"AMP","AMP",-0.0727854687958082,0.125584808785298,0.031668854932098,0.0972323496492202,0.0687217766080736,-0.235286674496988,-0.0258286694051277,0.0850174274835706,0.0245296551021914,0.110688131140289,0.0690148564110744,0.0754201998705319,0.0884280979274656,-0.0337169805334461,0.0893087426161939,-0.0912049794351714,0.0152257954108241,0.122632602836316,0.0864744180174178,-0.052745024786581,0.00611581596255534,0.0446652138090089,-0.12458403003906,-0.0270309274087813,-0.0638809030374458,-0.00714179707234471,-0.138421582664869,-0.0463512232071428,-0.148036754177422,0.0850638153234928,-0.0492539493748477,0.0852856969368059,-0.117133874222529,0.113495243553909,-0.0126323426490062,0.0286309279623632
"AMP/ATP","AMP/ATP",0.00171594164520272,-0.0528004958665894,0.223223522164265,-0.101945920240376,-0.0476374395872523,-0.349446829086307,-0.0141386028425552,-0.0050938092210447,-0.0866418896603093,-0.00754857962337891,-0.00137668379561111,-0.122554870548217,-0.00409902745116871,0.12593666802315,-0.0044024636510354,-0.0777202477630416,0.049814982537888,0.0589541846240831,0.203279116198144,-0.155432438496517,0.0889398547381465,0.144011730162905,0.00798296654014979,0.202726705444677,-0.0369533458372305,-0.0059424379306429,0.0765264894060231,0.127458438194612,0.0322814747216476,0.109126780412521,-0.072903487618828,-0.048355543937372,-0.107378589960655,-0.1634499869339,-0.0803918809841642,0.0283809940323761
"Arg","Arg",0.116797667760163,0.03026558712568,0.0711728056871613,-0.119598113020669,0.0373996089852572,0.130724647921795,-0.0127436878223905,-0.0497417285519427,0.0606436144897876,0.00215520888674397,0.000599590647709865,0.0778339769848868,-0.00443559353241198,-0.112616190146049,-0.0658705037221729,-0.133381166409133,0.11483902839331,0.00623910380713431,0.0292993544032871,0.11317813688504,0.0409272028735933,0.086344899399739,-0.051015812240236,-0.00170385656343641,-0.0161556792245629,0.120693231458785,-0.0245747081488802,-0.0592144707894366,0.133264856611714,0.0854236487974,0.205352732814693,0.176862201845249,0.0797047467217044,-0.0614413214873814,0.134929810889053,0.150104286056401
"Arg-Succ","Arg-Succ",-0.12203490362156,-0.0288738058453459,0.0145694182480451,-0.000986143659984345,0.0729245587499403,0.0181935089123449,-0.00784490911607938,0.0985923970205115,-0.11831170536893,0.0623925260992115,0.0454405009298176,-0.0327916984576954,-0.0398838897476063,-0.0422381705846395,-0.175715820496855,0.117302409492272,-0.228184917322755,0.0789777374220861,-0.0874036680867744,0.140074246792216,0.0266089482109241,-0.0611741864394511,-0.12303622449595,0.0870810304617277,0.189681449177278,-0.0685029919474094,0.0818816277831201,0.0590170427910161,-0.152794378081491,-0.13672497738764,0.223469703164939,0.000603425875135313,0.0696810615740481,-0.0639038260562778,0.120111187618366,-0.0154617313641271
"Asn","Asn",-0.124046613475705,-0.0584624035639425,-0.0493206156713951,-0.0784493460734709,0.0683163641769605,-0.0101662315609605,-0.0186308813167104,-0.0125190600143423,0.0145423024121496,-0.00097226165979764,-0.0212265704618804,-0.010895173786615,0.0130907980930634,0.000967933699004354,0.00119925975906101,-0.0151197672204242,0.00775846782475169,0.0421140207306436,0.00142535298053444,-0.0613457151986076,0.0345681033751122,0.0324806738118394,0.0105491971798885,0.00112515182569752,0.0373574196403798,0.0221803514106425,-0.0237088198310227,-0.0470378491659528,-0.000462334394703785,0.00882269965292239,-0.0271007864462173,0.030762247337862,0.0128109134947168,0.102279385202284,-0.0948257929450155,0.0928422749299338
"Asp","Asp",-0.127907114069844,-0.0532449524191073,-0.0372558091859344,-0.0392337168385215,0.0581809292149034,-0.00993069851269,-0.00828258890255742,0.0173728845371807,0.0137687085882202,0.0077618901118305,-0.00593094421501911,0.0131120988323258,0.0217774322078788,-0.00409286945896244,-0.00540606052422339,-0.0159018509738329,0.0157505420896005,0.0150041304732012,-0.0247506700366111,-0.0312600680904608,-0.010349222169712,-0.0108283579291135,-0.0248492347438313,-0.0143986069710649,0.0368264084414415,-0.000712442990141628,0.00165745151758407,-0.0461677535823636,0.0132526138126662,-0.00603545528818561,-0.0336025295515579,0.05964540757077,-0.0379213457206983,0.0354240110084195,0.0479223341774713,0.025736535304011
"ATP","ATP",-0.00218480260056249,0.14342146789514,-0.211101529553111,0.085115277851511,0.092828114437358,0.091650872449768,-0.0393909851705405,0.0669772062779357,0.0267694764684733,0.00399078189553009,-0.0128714802701412,0.00454930015098457,0.0456090788977111,0.00320642792503104,-0.0715077126847763,-0.017584715165751,-0.038158461608952,0.0169917140809911,-0.0119168145650303,0.0125417707651857,0.00528292624344541,-0.0225213190400421,0.0100550037371823,-0.0236058478991791,-0.04101606427256,0.0325514747927527,-0.0560072715113523,0.0551187523091231,-0.0558049256181655,-0.032794637076164,-0.0261215726669501,-0.0212513892698099,0.0406896981468677,-0.0269098220220723,-0.0575095898012612,-0.049214408968685
"C","C",0.0500792387973577,-0.159792053195085,0.0248649765187541,0.0229229087550007,0.0730173376227275,0.0850652145014938,-0.23775170097185,0.0439289707315269,0.0415362285092422,0.0355006335119968,-0.0161767609985506,-0.102056848884277,0.112015727896483,-0.0404931165299527,0.0725908909860859,0.0575991282688765,-0.0300152710355904,0.0701353070549399,-0.0464797192277303,0.0375320517931963,0.0896522193869482,-0.203947163680904,0.0557860960454299,0.0642945555252588,-0.0884575649181196,0.0748601765831591,-0.121373971560863,-0.0517587650889352,0.0792251819649708,0.0483275413494502,0.114016697926101,-0.103722062968612,0.122750733545192,-0.128113520099042,-0.11086542814674,0.110762947841489
"Carbamoyl-Asp","Carbamoyl-Asp",0.034116516969299,-0.152639974253013,-0.0803896635007387,0.102529184173697,0.0774164105756168,-0.00550833405864106,-0.0368064282476898,0.0737393517331309,0.222981877668238,0.0128879754041703,0.0137965296047599,-0.160926638865759,-0.0519656056112596,-0.156009941806838,0.0712673746752978,-0.016400917238153,0.0322680422212223,-0.0446801545091798,0.0171781960856169,0.0516198328334425,-0.190323464349564,0.099902118942868,0.439235469582081,0.0150703996609668,-0.00239729610672456,0.211287239808778,0.186041324178359,0.256622519609237,-0.257310852073634,0.083826299466181,-0.0488883953910719,0.0918223376357723,0.0130753127343781,0.052769739596007,0.157304946969895,-0.0858518840529598
"Carnitine","Carnitine",-0.1302197117077,-0.0496364661744023,-0.0307816738513064,-0.0186751466230664,-0.00833473042499681,0.0115642373128973,-0.00456425626282065,-0.00109092661956882,-0.0244332993554186,-0.0102189513517879,-0.00129721730009792,0.00277207285055425,-0.0127641310054499,0.00500142025725194,0.0234227807056846,0.0208771133974347,-0.0139658701576,0.0112986681611318,-0.00676428742927913,-0.0324233645239523,0.0246225091684021,0.00699635507725544,-0.012463351091147,-0.0285574254357242,-0.0157975288617958,-0.00777988700413935,-0.00122124790818113,-0.0140681124884195,0.0270081079354205,-0.00366917631181986,0.000360138393347214,0.0344941650615247,0.0503276147708823,-0.0130706236403928,0.0168715532845442,0.0978301440701694
"CDP","CDP",-0.0825513980878764,0.119329698432652,-0.024939626796988,0.182055967517204,0.1052136544882,0.0109961670113749,-0.0597125247356472,0.0607657418040978,-0.062782825185272,0.0374977026879233,0.0699096127019556,-0.0251238647403467,0.0562530992185995,-0.0578459302212494,-0.0915946260103549,0.0260301259590671,0.0507375955918954,-0.0373126188087916,0.0700887319042519,0.0386472033018822,-0.100759707843017,0.0184795093749487,-0.0525319767668623,-0.0167582728355371,0.156123344324931,-0.0675226650193225,0.0544631190344165,0.0359585307785318,0.205777393886169,0.247681420641202,-0.119314128331146,-0.102619559946978,0.00259130549496957,-0.0529666419317209,0.304091105277467,-0.0823728262147289
"CDP-EtA","CDP-EtA",0.0388942376474054,0.0020216114942418,-0.0333171865002845,-0.256339941384924,0.095317534057544,0.181931820889398,0.0535733053343042,-0.0274173267829168,0.17021505954902,0.211017049423684,0.214287996293669,-0.28119196640345,-0.316607317582973,-0.161831047082612,0.111145473740724,-0.205690185409287,-0.216382938881087,0.0645696138834757,-0.00969231155661351,0.0725323414972951,0.0471837957566683,0.0467150879081619,-0.246128589571339,0.281556854088355,0.038988154687395,-0.260789920109011,-0.0834505400702988,0.110644725766864,-0.0749778631141263,0.0176380241953607,-0.191577246264951,0.00113337331186702,0.073026238685492,-0.0186829427257459,0.0291949166408976,-0.0214758221399467
"Choline","Choline",0.00812774994606744,-0.187336538766162,-0.0410434674764164,0.100675397375382,-0.00718660271119242,0.0613320753837434,0.0467437389854229,0.136290582533772,-0.00148928239889809,0.0228070981246029,-0.0410103396756947,0.0339243895449542,0.00750952544018599,-0.00072379499633362,0.0139222674882819,-0.0126430035714923,0.0132984860118457,-0.0114538019611029,0.0378492431784145,-0.0632411113501965,-0.019576852707496,-0.00339808669763719,-0.00891083930913584,0.122405569476681,-0.038599178157323,-0.0845491032091254,-0.10531316985554,0.0387904721808621,-0.0160478171274949,0.0163319359561447,-0.0444953198932539,-0.0703444938461294,-0.185624805316747,0.0207335469340019,-0.109121003861981,0.262336445519559
"Cit","Cit",-0.120289374937233,-0.0680266068508345,-0.0610451398607687,-0.0537585728271364,0.0754403757692982,-0.00435948257674246,-0.0212952243849048,-0.0224920449740389,0.0166662123832966,-0.0618445576459999,0.00852964943743154,0.0574458318699997,0.033623129080892,0.0339203154772983,0.0807417936492116,-0.0755426061952726,0.0163235728826442,0.00176991008721178,-0.014007017498925,0.0516091931910879,0.0215288697274389,0.0403164882494076,0.0790909403621387,-0.0175315565179382,0.0050464133035962,-0.0639413808936515,-0.0350413758068934,-0.0306895030622848,-0.0591202771174772,0.119340416815432,0.0761224848360623,0.0371630476234158,-0.00450483466904416,-0.045575326070477,0.0318479140252805,0.0186208166036116
"Citrulline","Citrulline",-0.132090715179614,-0.0242831671532616,0.0111521791075103,0.0310936808319107,0.018033359460059,0.00925455826638736,0.0195955776515075,0.00936151196395018,-0.0336696476029095,-0.0140935171827069,0.0530282210932461,-0.0345781375310956,-0.0555687965446906,-0.0373919501070141,0.0368259162967165,-0.00487668792478103,-0.0219361184698457,0.0879344860553976,0.0452377080164878,-0.0603917001299027,-0.0586616902727853,0.0191077609918448,-0.0693604109142036,0.0955701045250931,0.110282933119307,0.0795889399502016,0.00584095153663144,0.0206218655666121,0.00659131167632389,-0.0871566346679205,-0.0275039050763147,0.0185861385330027,-0.0241612130878609,-0.01315065070861,-0.0102242674217486,0.0583095955594571
"Creatine","Creatine",-0.131540107381261,-0.0424622207505336,-0.0207947479236618,-0.00577637375849286,-0.0251041787353837,0.0122942257000855,-0.00162194434517232,0.00261661435274924,-0.0231493750190879,-0.0150723177552169,-0.00349391501709408,0.0022787859498337,-0.0171488509232225,-0.0106799775618638,0.0275519378103377,0.0243313338906292,0.00663783703605688,0.00196425340142348,0.0206715775047802,-0.0398023774423883,0.030513479160345,0.00334306141520833,-0.0042311753616117,-0.0171626908055083,-0.0376751126886452,-0.011824204242016,-0.0127816114881065,-0.0174372920861057,0.0322372948411557,0.013977892771417,-0.00640401458835967,0.0323398331425796,0.0578277518208961,-0.02314900280899,0.011289041151978,0.0121453532396254
"Creatine/P-Creatine","Creatine/P-Creatine",-0.0924597432796318,-0.115452398000806,-0.122020561820625,-0.0296255748726861,-0.071266053434493,-0.0502571372304557,-0.0296474890941229,-0.0109781859589111,-0.074714931732709,-0.0479789023751401,0.0598925778735709,0.00512796966180252,-0.0851076444562216,0.0443844999994269,-0.136911448480219,-0.00189909665942821,-0.0643178100641133,-0.0220032378043763,-0.0350255231524917,-0.00576672422597256,0.0349558434360926,0.0649591579432538,0.0740241354062978,0.0483577005085724,-0.0291210203618203,0.0208584577521055,0.00882072170779173,0.000282292214276527,0.0312403284393532,0.0290274900914773,-0.0548801453414199,0.0194196952263489,0.0464208773112469,-0.0265807363818393,-0.0119654418677922,-0.0177480190455852
"Creatinine","Creatinine",-0.129804957730609,-0.0500347695348722,-0.03499677780857,-0.0205462829556375,0.0016714275216371,-0.0107468038826984,0.0346236961138441,0.0233407326638952,0.00577333506562468,-0.00201560934242989,-0.00877796085980558,0.00247319055858491,-0.00815619139370801,-0.00578205227453666,-0.0053908789204712,-0.00589102853014708,0.0224439159650956,-0.0166392126384533,0.0124336025455454,-0.0442083423003867,-0.0348421375690968,-0.00216948487879999,0.02125422074336,0.010842046982888,-0.00388388441597613,-0.0182886576599025,-0.0105913260994258,-0.0383270001143588,0.0379497379088721,0.0101890281770791,0.00751454661890078,0.0152632896809773,-0.0153687390983461,-0.00458897840028127,0.0357459586111441,0.0954386049665302
"CTP","CTP",-0.020014394283278,0.136004707810566,-0.210435762735564,0.109647318379796,0.0845247981623011,0.089421615765422,0.0215040109616947,0.0721079491460262,-0.0225065735889657,-0.0250543791075678,0.0111660182622375,-0.00717968142345813,0.0766491163723147,-0.0790171032522845,-0.0657413899072145,0.0554169344442849,0.0266034176525427,0.0455960741334332,0.0064958104194466,0.0129137571499866,-0.0925037920964154,0.0672967654558506,-0.0602849862863307,0.0373540744257051,0.0743559586490471,0.0137992934897841,-0.0111759274695933,-0.0231344812468541,0.0340642150741412,0.121678528794155,-0.0242769673341193,-0.105454310986302,-0.106527080080463,-0.105069169791402,-0.1261956621034,-0.0606594516476664
"Cystathionine","Cystathionine",0.0508640937246913,0.0414266637449047,-0.109105116962218,0.00533366808310507,0.0327428858102525,-0.0382959537994832,-0.0577176677048212,0.0486250946816585,-0.215490242251299,0.225683173942959,-0.167013547988959,0.348594270826276,-0.610401403947011,-0.0646762979459839,0.0245624224939983,-0.214523683903827,0.210308871345308,0.0577324341278106,-0.0699351769701158,-0.0577504844453747,0.154587703411975,-0.155056489030357,0.0350012895073376,-0.114726140096963,0.0881472784914556,0.136020245054076,-0.0737017425922853,0.0867368929334446,-0.00323174878708976,0.153414198338077,0.0765691533853715,-0.145128435972605,-0.0171019729250067,-0.0267990398736974,0.0259626278469072,-0.034721701096969
"Cystine","Cystine",0.0839824614553965,-0.143778277536097,0.00368130858852827,0.0976393883090177,-0.00169283284396548,0.0171138258486482,-0.111260529331648,0.033287797499727,0.0538521723983013,-0.0465435422973041,-0.0315407139714129,-0.0253401642815548,0.00394034577393619,-0.12798377946188,-0.00731755812520826,-0.00982296118219723,0.0476640572285535,0.0400479854075304,0.0199883935608765,-0.0103959472109702,-0.0156331689965603,-0.0675872605823154,-0.0555154800042372,-0.00975278166737798,0.00178608102754364,-0.0921026687759685,-0.00155334654351658,0.0464079062007579,0.024081737053409,0.00933925867954538,0.00614490392737017,0.144737600150832,0.0426141558415233,-0.00821518874021639,-0.037539650011805,0.0223666372152844
"dA","dA",-0.0880106442153717,-0.041474388782766,0.00108026019076114,0.0377767812139175,-0.12598993473776,0.236904836326283,-0.176146174864965,0.134721078330197,-0.0736718893536275,-0.06825677626846,-0.0466928067588241,0.0895764416408023,0.014346632353307,0.285108499561435,0.0295139011502581,0.0933346821612916,0.108635199479301,-0.113382317780512,0.104630649927453,-0.0995687568566706,0.0592047556147739,-0.0951362213273864,-0.462084151557747,0.105988632886183,-0.201805153700459,0.113450576839161,0.219932233448497,0.084590755058108,-0.323884960236311,0.0805010449578041,-0.0433593807193976,0.0896657463577147,0.0807523762485421,0.0220186105756568,0.144389868264196,0.0603034800686854
"dC","dC",-0.123244752539975,-0.0659636416865603,-0.00963431526163444,0.0517349558723691,0.00139857418932315,-0.02254231753905,0.0525642195229643,0.0687205710294603,0.0258269262144787,0.0439693249172788,-0.0210631449893426,-0.0122433742741137,-0.0335704966902046,-0.0809278197630878,0.0508140697581331,0.0662394400152002,-0.0264070550826867,0.013894102366021,0.0158286963691648,0.0730075789130875,-0.0976413232878192,0.00306503625875043,0.0985609438362546,0.113583832220437,-0.08839441561117,0.0426782520230558,-0.0346616603533426,0.028204654972921,-0.115899332289795,0.143297654463229,0.0487085625310038,-0.0637486818225176,0.110323831156117,-0.152302716628658,-0.232183492640692,0.0597746868609188
"dCMP","dCMP",-0.0236249233073043,-0.0346199076494817,0.0270704587312704,0.0697155655169776,0.043196456829636,-0.0487513959013767,-0.132934953295908,-0.499050100821788,-0.047182014455692,0.28347717116615,-0.362920023547351,0.166542386982581,0.193929510395386,-0.015046446151757,-0.150204788991829,-0.0838309084485789,-0.28532260026635,-0.257121557387846,0.061111685523892,-0.00428702094287683,-0.158549527874778,-0.0915267289253338,-0.00535654925494971,0.0906833156543576,0.150456599838417,-0.0921368321183852,-0.0308777335651433,0.0365754905288649,0.0144715425077906,0.139270889174027,-0.0734836004857388,0.0488626265062721,-0.0266867594615009,-0.00354970800410063,-0.0598531938667236,-0.0348772682684765
"dG","dG",-0.0668191116034692,0.0751481344896456,0.136333680807871,0.0825499603507042,-0.0198730816626497,-0.00029590922003208,0.00697280603887801,0.0120686068925937,0.145396677327907,0.187954915750085,0.219521358082078,-0.0697976297282343,0.144078231102567,0.0699570070888353,-0.291469168512589,-0.335356331743037,0.157868206870519,0.0947664495363938,-0.382256820064268,-0.281146114325463,0.014427511068696,-0.00428991959807501,0.0760722927841567,-0.216410066759098,-0.200423854507189,-0.127037117266786,0.0928513784029559,0.112426676137166,-0.0629196159073106,0.0682538492445987,-0.00335736908884853,-0.0922224167421613,0.105235979289164,0.0529022277216571,-0.115446627391931,-0.0210697723752773
"dT","dT",-0.104647496997409,-0.103524214762842,-0.024913655522354,0.0165356867601551,0.0162154035991351,0.0549178975729926,0.045419117100963,0.0170173292851932,0.128583613916278,-0.0230283662482795,-0.0903633187443955,-0.0450545714126553,-0.0640116262631765,-0.0973341637723631,-0.115024131819662,0.112106358666518,0.0879781458023628,0.0916957147860609,0.162451704901909,0.0700774283675693,0.10981869846791,-0.0207783934771446,0.0364276817176702,-0.189148329382834,0.00714363454945461,-0.130372271967889,0.180155683812124,0.102873315352144,0.283677116672141,-0.0888738846813584,0.00984228671509805,0.0670424997930813,-0.149187127254677,0.0675997458694103,-0.0656810165802861,-0.0346553795609971
"dU","dU",-0.0205971129400078,-0.17894529256607,-0.063950288463524,0.0228589074595373,0.0239151470140458,0.0426938031008303,-0.0822575907753215,-0.0737108267463869,0.132953012932851,0.0109332102191761,-0.0335352327892284,0.0252995470922856,-0.00742279598507751,-0.0442117088556924,-0.0686559295292872,-0.138803818466784,0.101959764469542,-0.0114089849107167,0.196377900738392,0.096730266031854,-0.0253750032193733,-0.343807786974347,-0.0414495220647907,-0.11273169407226,-0.0530123120494347,-0.0255713718495444,0.0569808085000274,-0.238756575691675,-0.0922955499749965,-0.0257453475600589,-0.0210588137371672,0.000379782707504142,0.0226036277999938,0.0503848845209437,0.107487053089846,-0.0399392041732863
"F16BP","F16BP",0.0265637680521783,0.131191798481333,-0.236501916155697,0.0186136371609629,-0.0605866857805053,-0.0227514975015851,-0.0235953070235114,-0.00415984268741818,0.107189823956005,0.0457964298626739,-0.0466060318601138,-0.0562205551430728,0.0104910537794597,-0.0494849425990278,0.0788531781951723,-0.00904995607745163,-0.077550089309028,0.0713055661650991,0.0153393110327995,-0.0653791219566002,0.0841380347109671,-0.105680942225022,0.00379827766639637,0.0169670252187134,-0.0275850218591658,0.0203219568103615,-0.000279947604553615,-0.0042693075899107,0.0316704175104998,-0.105662306369056,0.079413232966431,0.000720779169261539,0.0152303435095454,0.0110273285368018,0.0789973999540121,0.0165560575878847
"Folate","Folate",0.121634232963699,-0.0622564901189174,0.0141921275049898,0.101918612214774,-0.0131899831282496,-0.0529676749258105,-0.0871100285244325,0.0569673076015312,0.0190577057906848,-0.0513611600041585,0.00212063641963319,-0.0639847269038398,-0.0117011258960644,-0.0421899479736369,-0.0370495364282661,0.0349471777800157,0.00162752943156216,-0.0554858803936579,-0.0105984939243059,-0.0341721354324931,-0.0120007172721504,0.00466357698661644,0.00124012104290059,-0.00780410458977259,-0.012913549265229,-0.027005800649246,0.00138479779708347,0.0232148555731744,0.00616586786027202,-0.0616768313509221,0.0625419277837264,0.0925528918113703,0.0659551993033635,0.0826931759825451,0.0962920185034959,-0.0502909312456863
"Fru","Fru",-0.12573742957594,-0.0596779919907685,-0.0319454977632443,-0.0238268554458077,0.0820672343910622,0.0281070970282307,0.0119539668617515,-0.017842195193634,-0.00694083266229651,-0.032342647934138,-0.023234758502709,0.00546045823593391,-0.014250773942926,0.0165774463986639,0.00104880580649347,0.0121010049697015,0.0219283926793251,0.0382490818749457,0.024263424919753,-0.0626288203236725,0.0024555022197642,0.0506392764510228,0.00642125844556071,-0.0163729899626149,0.0387960008388013,-0.0296139673834022,0.0115874792626147,0.00937292520336425,0.00763924673403884,-0.0131172893071601,-0.0383171992810839,0.000992385307883493,-0.052779147509993,0.108728784650903,-0.0551617955550276,0.0771821862404265
"G","G",-0.102084623331044,-0.015441586833793,0.141275210801767,-0.0668131828932281,-0.0620297033110015,-0.0202309114566601,-0.210654192249925,0.13802069885687,0.091093288946503,0.066183084136852,0.0338947130422606,-0.0928294013291654,-0.105309067111783,-0.0310534710093932,-0.157681821851191,0.0340122515261336,0.111204129487651,0.117866546080781,0.165967179019919,-0.0440858517911846,-0.10682529366514,-0.0492634886295509,0.00463139217208274,-0.098036977417997,0.149846049476933,0.00112381143114285,-0.00460482785417475,-0.0443311663634931,0.101843344844987,0.0925718287230841,0.149437713609374,-0.150485231381726,-0.122626612273393,-0.0662563871602407,-0.0218422444949789,0.0294311761666237
"G6P-F6P","G6P-F6P",-0.0828201389224209,0.0892510427803941,-0.0560136801503024,-0.0448972861154882,-0.2478526971664,-0.0724792441977505,-0.00156388424577078,0.111757525306611,0.134026903341176,0.139439830956045,0.0847246818242671,0.00880515656168884,6.57642557119339e-05,-0.0291338709960169,0.105741951657104,-0.0666266324101476,0.0378485280383731,-0.148319155924701,-0.0785596025747611,0.0768401498860525,0.0764142317468921,-0.0683121706107799,-0.00548136062497577,0.129065225934184,0.0196405291430163,-0.00775103578609504,0.0837438281543068,0.0538385142696519,0.12333077934232,0.0485964575581324,0.0264653374490087,0.313752655968399,-0.281959978719597,-0.119946246555224,-0.0505465779633757,-0.0317164892841111
"GABA","GABA",-0.123796068504115,0.0424143726102254,0.073262780849019,0.0636565755641006,-0.0273876929665045,0.0851914478405638,-0.0259188045374312,-0.050208547075045,-0.0438275432133056,-0.0716499716358249,0.0274663682412091,-0.00172784927790999,-0.0319736930184809,-0.0388073471517109,0.043524803283305,-0.0260003738866871,0.00523860252490856,0.090661412049749,-0.0621024758767794,0.00334065394220161,0.0322057211873372,0.0288675069315947,-0.00471587305832595,0.013910505767709,0.073679392304238,-0.0463689206982105,-0.0110246239203441,0.0780142734361698,0.0288546669643399,-0.144623693044627,0.0907052546074655,0.0545019243860141,-0.0770234267898304,0.00417018448088953,-0.036594516256577,-0.0104698591367585
"GDP","GDP",0.00967720476193088,0.140374529231999,-0.202240863998061,0.0536886242259577,0.0992626564510983,0.0660302661700594,-0.0960183549828501,0.0862298586481012,-0.0846475942300917,0.00701022568926868,0.00261475452374291,-0.062224290608293,0.0453812062049199,-0.0559356431373888,-0.0593327347245119,-0.0637712153663248,0.0246426344814297,-0.106007181471742,0.0380056768375216,-0.205909530115027,0.0172769062076424,0.0358934093582773,0.0201533941780809,-0.00924892957720089,-0.0142104006216664,0.0451243636103356,-0.135531724187145,0.255151692527792,-0.0013202201982503,-0.162547103420157,0.0808163181900431,0.256794929897348,0.11745283014899,-0.129257284463559,-0.00487291869020937,0.0483671750196894
"Glc","Glc",0.00870792526435497,-0.04330055377787,-0.201684380163881,-0.0200456855226243,-0.349733480237391,-0.139130553018554,0.0560528643904451,0.0299053866663871,-0.0202901033261849,0.0686376832273996,0.0493046505333292,-0.041865266646619,-0.059708626207856,-0.0407882937142389,-0.121200746603624,0.0324361042726949,-0.1450089774584,-0.0635764255868947,0.00555007658283431,-0.0266569772063595,0.0560777292445335,0.0332921426589444,0.0474144601385422,0.028218562117657,-0.0691603897674293,-0.0102065365357986,0.0235975903414627,0.00751206137057844,0.122081677898999,0.0448680836861831,-0.0457029558613808,0.0998062819623186,0.0792936054593359,0.147052536960456,0.134258219144444,0.00253549619527716
"GlcA","GlcA",-0.0532316407838925,0.0268228190886815,0.0273120496977464,-0.0220121617271625,-0.192192571291286,-0.124315063048546,0.207947116274772,0.229381300754073,0.31563070565301,-0.0458905915353802,-0.475461631705719,0.0390183612179036,0.0439783246347106,0.0153552269459827,-0.0740151321918499,-0.131247067793049,0.00641338411752048,-0.0304628824910681,0.0569593455194438,-0.012211395616616,0.0576588368539677,0.264792711820568,-0.0819993927543856,-0.0465875858824129,-0.00205114225934793,-0.011265120731745,-0.107405946140838,0.0245169228747354,-0.0660594390989494,0.0726107979973717,0.0642693445689758,-0.0602316595884748,0.19091252155553,-0.182247498275406,0.0428519272072136,0.00604125709800912
"GlcN","GlcN",-0.0454805286741594,-0.0611376878077464,-0.137708398990909,-0.107609122756446,-0.350778646625997,-0.0433651227366212,0.00055614046294829,0.0272338101755218,-0.102593346429516,0.128215971559679,0.061955595609243,-0.0561286939830559,-0.0163793908799451,-0.111888940345004,-0.0544809362828799,0.075695302141312,-0.0697111388777361,-0.0872325218882229,-0.0673141371805234,-0.0662448071264009,0.0611234917657342,-0.0392563754001795,-0.00707748055767317,-0.0596631244918459,-0.00878153405352276,0.0663557717575974,0.0583293843430597,-0.0048858189496099,0.0807581018705227,0.127797712726238,-0.0773447047694323,-0.0191576946254055,0.0669804721033264,0.0698900149584281,-0.0063925871271074,0.0103027963041902
"GlcNAc","GlcNAc",-0.0686669587231819,-0.13683820118802,-0.0538344757274632,-0.0338721080722264,-0.0789171084760491,-0.0916777041531098,-0.0404324746743165,0.131139050456693,-0.116765138668037,0.148687703800366,0.114283516539119,-0.108323459157778,0.0548871825569688,-0.0698310467886906,-0.179661422396633,0.0943371213078333,-0.135704959422545,-0.0897723430399216,0.0537847190162183,-0.0156622573373844,-0.0155812766732608,-0.233087592209165,0.0989138671109303,0.102270035129574,-0.216229446518571,0.111502904862561,-0.178187611291251,-0.104864537804433,0.0255876837586403,-0.0792957599192677,0.120982999172855,-0.0938781159750056,0.011018790544818,-0.123894520555185,-0.04986983410839,-0.045025280967428
"GlcNAc-6P","GlcNAc-6P",0.0306143109063715,0.100245688826641,0.0261608856666018,-0.161509860508679,0.0700948881585971,-0.209706335220115,0.0595060414561198,0.0500932507460532,0.00435696304645035,-0.373712665154831,-0.192090477495145,-0.00766203192293525,-0.12428756004804,0.00766915617574018,0.0300977547691252,0.189674970793756,-0.0894520146236513,0.186020649299448,-0.376405874071533,0.069327118204309,-0.217333874738178,-0.321724435117336,0.000909855511466491,0.054920564783075,-0.219363608474666,-0.135239031848788,-0.0355160319825335,0.148514709375872,0.0554692411096936,0.278847472684389,-0.0537587909543369,0.116260133205029,-0.00450481635627069,0.0164788663082335,-0.0118757360557004,-0.00451323519707991
"Gln","Gln",0.129430276969293,0.0164683592241677,0.0444271921928296,0.0344803279656411,0.031346205832689,0.0321191801802523,0.108902002789939,0.0145930287069745,0.0164179567460618,0.072326040068914,0.00705230507599568,0.0185192293168161,-0.00807717698523544,0.0370960401280144,0.00611456168326982,0.0104046319223949,-0.02273432337808,0.0216125634260409,0.0465233642032488,0.0154413112714604,0.000482756394702365,-0.0298189435311955,-0.00199788301001778,-0.0379267250055288,0.0450443458546726,0.0630809741351217,0.126614976041168,-0.0944596141033399,-0.0116718042188944,0.146434845851723,0.136587840566752,0.31876371773023,-0.0319779396643659,-0.140729342587047,-0.153276175887583,0.018569609722751
"Glu","Glu",-0.129716722868753,0.0158157462446913,0.0125213196099224,-0.00509468087575917,0.0829425189180707,-0.0851190825206017,0.001715765726856,0.0412233598568835,0.0286623308154244,0.0353000856130381,0.0361970581315421,-0.0278517366150908,0.0146139804779574,-0.00379551968009783,-0.0601697868559564,-0.0176269187511832,-0.0169422939357655,-0.0677490352475951,-0.0865982934312516,-0.057173589791253,-0.0398175663305419,-0.0776169099333211,0.00195910742023011,0.0638003619221772,-0.054872651564083,0.0107223388479149,0.0293944979611398,-0.130857618675926,-0.0661778307147885,0.00451207833546103,-0.0457090219290396,0.0258800087112743,-0.0979374479811138,0.125723682918049,-0.00488932573520775,-0.0547972141407725
"Gly","Gly",-0.118255707279382,-0.0572187793148044,0.0342565453005447,0.108796510965244,-0.00401467531369535,0.123036708055296,0.070150015107427,0.00174611088588322,-0.0538141526431643,-0.0228333034899585,0.000689082595941157,0.0822408206763763,-0.035972092104973,-0.032983909245678,0.109726367821792,0.00641579559442532,-0.0147230160595853,0.104883516266983,0.051068139395713,-0.00315605688960657,-0.00517499152339359,0.0338489516183332,-0.0783549640281576,0.0562741440314542,-0.0181564225834281,0.012777581941702,-0.0461619894010597,0.0852662195676899,-0.00829451964086485,0.0352689252943036,-0.0707787460099299,0.103079559045771,0.0865726446674546,-0.152271755278664,-0.101610040819695,-0.150351961776162
"Glycerol","Glycerol",-0.121798450809505,-0.0571537684305748,-0.0526707395085975,-0.0372533188146217,0.00331130945516316,-0.0727906341017839,0.0984761234199999,0.0722584067321044,0.0640440872617927,0.0153057207475964,-0.0433200264147261,-0.00178650280878559,-0.00561404691887046,-0.012802014459018,-0.0384424639123996,-0.0562029839991926,0.0495871707865418,-0.0542045945356093,-0.00804683372686544,-0.0508769588337557,-0.19030305135367,0.0505469812266489,-0.0864029956798579,0.111680047146625,-0.00952310450268039,0.0866809504496494,-0.000568394538764716,-0.0692602731348671,-0.016750160698781,-0.0030968836422098,0.0757349422643744,-0.0759667066465643,0.0907930393704279,-0.160941303784228,-0.00402776768794689,0.00650165384568384
"GMP","GMP",-0.0434839944482369,0.113035635503395,-0.00104186664917589,-0.0248618675102855,0.00878821811715923,-0.182419164388984,-0.288839942710874,0.0382611459315492,0.200571356548556,0.116803500094673,0.0549209248062675,0.265070870811245,-0.295927642805153,0.0168297357586514,0.0163511729752007,0.172653839358225,0.0965739025489892,-0.03015801510151,0.0968400433792843,-0.0379605859016176,-0.305446424727243,0.103924640191409,0.0920674506565809,0.0858424722602928,-0.0333504932384902,-0.0891065924808669,-0.0225840457526677,-0.174786013660449,-0.0632821980596338,-0.274319939111231,-0.121578117289342,0.156064017365271,0.183805707717888,0.132796729335042,-0.202075538383537,0.0153625220977408
"GSH","GSH",-0.0560701621484058,0.114335174953221,0.09657502494418,0.0554075597150366,-0.176295626049128,0.160206102875409,-0.234958953939054,-0.0632131317909535,0.0417340702190601,-0.129471820830138,0.0795762165817084,-0.0922037081816518,-0.103058357143388,0.0739211554381669,0.139010662417246,-0.0934141472418387,-0.0618701577298317,-0.0641676675103551,0.00113108052356888,0.0285265212298816,-0.0883966826444556,0.00622950384235218,0.0838860746611928,0.108256020894126,-0.0336816755100538,0.152845928760288,0.0426246151333848,-0.0330647107619653,0.111363799094172,0.0773410836867608,-0.0454283826572918,-0.0926938604251118,-0.0373617073954009,-0.00970152128893098,-0.124239349582484,-0.0828954401808061
"GSH/GSSG","GSH/GSSG",-0.0308661331873813,0.120699308188225,0.0966295051959651,-0.00302816551613333,-0.21711564149776,0.239868175410766,-0.132993423191126,-0.0832311132480332,0.115943805295736,-0.157854254763106,0.0139552287594907,-0.0499307327182943,-0.0363710428794005,0.0150446745286963,0.0934723094843177,-0.0934612880820221,0.0177734489118081,-0.0298544401780693,0.0210888049896213,0.0484592257226379,-0.162211724195848,0.0379407056218611,0.0717715091041,0.0896199148745007,-0.0223167969771403,0.258763915126377,-0.180928248847314,-0.0759812951522851,0.0414095459356745,0.165060687931217,-0.0203631333901063,-0.0786863014339549,-0.10903393764728,0.0183183688819532,0.0744035700023265,-0.0475979845608296
"GSSG","GSSG",-0.102498953199813,0.116826086871268,0.0482245764418229,0.0261264588114776,0.0187686397387783,-0.00743982272420644,-0.123703997911882,-0.069221815653771,-0.0328134020945762,-0.0213439058206023,0.00986834350091804,-0.0685747795215721,-0.0468886559771885,-0.0694550522599861,0.0120147626139145,0.00886850580948667,-0.108233262165282,0.0190237975649524,-0.0249325751896636,0.0208967953433953,0.0962206767531539,-0.0397174784189193,0.0151121292770035,-0.0274555369051335,-0.0571652172998185,0.00964741555380824,0.0195502027005331,-0.0145800088005636,0.0935478707099416,0.00854002971506382,0.0293595128269909,-0.00343341411366641,0.0275265262414175,-0.0190500769155532,0.0132723116767462,0.0281662461245574
"GTP","GTP",0.0264058497122609,0.127186747155307,-0.224148940173475,0.0393394523063283,0.100154535536074,0.0663523017869572,-0.0605544450385418,0.0904891888217507,-0.0247882826152785,0.0137103097943768,-0.0689035015770155,-0.0540869893838622,0.100857800034113,0.00570116537611431,-0.104008129670473,-0.107772306010302,-0.0157452422287984,0.0155003453828483,0.0649216919987404,-0.0614381222815735,-0.0127328789656441,0.10865684200871,-0.0094219813810282,-0.0792195682860297,-0.0210362984870428,0.224223257388539,-0.0869769855872478,0.0895991490606156,0.116615804992007,0.00868467864443887,-0.171113828937511,0.137636092652117,0.0125572912136197,-0.0304357677497472,-0.07904329961566,-0.0306972341153081
"His","His",0.0688373717160723,0.111052204270843,0.0388027151615684,-0.254629045512573,0.120407000076386,-0.0272906570531725,-0.0936539540337031,0.0310119416844521,-0.0203723310449469,-0.0340101439087887,-0.0353364736757776,-0.0623308011676,0.0388084462219264,-0.0544141075385409,-0.0611904526243085,0.00771988320498534,0.121858741823599,-0.0963295726284627,0.0586334456861515,0.0213468802369608,0.0779597041707011,0.0344286087418581,-0.0961256281155456,-0.0125009181836018,0.0122653927747566,-0.0286548442695443,-0.0147540589197586,-0.11673804605263,0.00977274704350886,0.0546116707774617,0.0748657561436206,0.0219649376309444,-0.0658386085099211,-0.0367965587061908,-0.0871127899897042,0.0282846454919773
"Homocysteine","Homocysteine",-0.120279441886451,-0.0722609230555075,-0.0568506785540358,-0.0647828578233059,0.0694319657339422,0.0166950655326774,0.0151836786639258,-0.00155214197087142,0.0247124051366932,-0.0304628236329242,-0.0287922053519232,0.0118086276813855,-0.0155677605638062,0.0381317122606953,0.0221246463825553,-0.0128438428763376,0.0335147705626135,0.0167765810911862,0.0608680186199921,-0.0586931193912077,-0.0652173330154092,0.0481075141226841,0.0718324276734508,0.029236428503053,0.0467245614235718,-0.00295047603058281,0.00923449787088972,-0.0164350257166795,0.0502235918085669,-0.0696265493208802,-0.0136545455031596,-0.0193489683546957,-0.0243870329897315,-0.0385421808093683,0.0188100856857399,0.0500962699887937
"HS2O3","HS2O3",0.04927482444558,-0.0863520087127947,-0.0732056497992234,0.129641646122735,0.0177386358629314,-0.324710773376048,-0.217168325890319,0.0504632128184324,-0.0422944197589897,-0.249308799356786,0.115220292452759,-0.0926516861466952,-0.0300647996229935,-0.113053082571927,-0.0260343331411099,-0.0259540495978006,0.0174166075613861,-0.0848166061253514,0.0191814020566504,-0.00549592273086079,0.0920074644780522,0.174441874890873,-0.0843267660385317,0.00294960947340341,0.0219708978831225,0.0544644425401585,-0.0734566211035238,-0.22714532337456,0.00846935525858105,0.0504124098494522,0.0720066760399136,0.0451924399739497,0.0831615562412712,0.053985512728245,0.141510262391275,-0.0543162735520925
"Hypoxanthine","Hypoxanthine",-0.117076584983047,-0.0753446016932203,-0.0656104980849246,-0.0867683696763215,-0.000551633362203433,0.0772171654977266,-0.035217487108933,0.0130374565856638,-0.0209440108152107,-0.0430292227898393,-0.0388296948339869,0.0290515355883332,0.00627776802877467,0.0576007765660157,0.0564444086348052,0.0409262573401255,0.0139740391458367,-0.0301587044460958,-0.00320050462827497,-0.0350314924466438,0.0330211983000894,0.0308373109639417,0.0650473292133668,-0.0839996847829404,-0.013639270171728,-0.100845585747695,0.0254091728043847,0.0805660976673858,0.0419919962002577,0.0163366730502158,0.0354049512812744,0.0403565558395108,0.0155036420570602,-0.0515092394513475,0.0240961413319042,0.0425546441185715
"IMP","IMP",0.00222243677741903,0.048127018610585,-0.13579802232511,0.0518701056389574,0.0405698351584216,-0.125894406341172,0.056911373881501,-0.350914361361251,0.386094195238728,0.185849208593893,0.195486477294793,0.126736952782161,0.0694320709821046,0.0614832353568963,0.0410719975185063,0.363051712843772,0.305944720119149,0.102580925569557,0.0340137363475479,0.0683416458475634,0.25357713774609,-0.00407791575956523,-0.0556975942644043,0.151329850905443,-0.172788828253896,0.0287598479844084,-0.116283275841248,0.103111731138355,0.0621568491324033,0.12263433355042,0.0725528467819636,-0.0511907736084127,0.00957745132661155,-0.0710670129806676,0.0818781757915632,-0.0406786002943343
"Inosine","Inosine",-0.117601895724959,-0.0654940447964089,-0.0317165585066123,-0.0523718881468576,0.0122875348031432,0.0737680208127117,-0.106742718399983,0.0391230933997948,-0.0271300418558488,0.0867961763031273,0.0467406541869705,0.000155466474598122,0.00783479875800287,0.0657289899014378,-0.044888734917775,0.141187231551283,-0.117448096312642,0.118896863097727,-0.00140949760093008,0.169669215744396,0.147454794842735,0.114303750573205,0.0954804164699019,-0.100057543709409,0.0318777971384643,-0.0448259854947181,-0.0186840073560951,-0.0499244557404847,0.0103542684019254,0.0457600762809905,-0.112321637494915,-0.0127985941679318,0.146996316957586,-0.236997034968287,-0.0426870618128999,0.0211358630263697
"Inositol","Inositol",-0.128019151767076,-0.0523769809622912,-0.0319937540926767,-0.00581358585210574,0.0588188751670977,-0.045771853216897,0.0161385895885883,0.0202624469242172,0.00288412786992424,-0.0200299652185491,-0.0165559452358195,-0.0250786038909893,-0.00155127749431035,-0.0110488005318773,0.00379473504110859,0.0115411135770764,0.00998096949088812,-0.0159155258462192,0.0124457113270333,-0.0596299586915747,-0.0610250177206901,-0.00168777064015566,0.0400003476883168,0.0306418792548402,0.0545242211301797,-0.0192753546328328,-0.0124334602379699,-0.0107250056887078,-0.0114078477028486,-0.0322533391488302,0.0378052594440917,-0.149769008514475,-0.0161596477553016,0.00943072199194255,0.0928717264921076,0.0925802771779172
"Lac","Lac",-0.125055780794596,-0.0668993264089009,-0.0442324409177679,-0.0321010751058479,0.0259359585902439,-0.00730210354939957,0.0374528748200821,0.0217468174339865,0.0193356652730586,-0.0107246160792002,-0.014200484449994,-0.00839552267909843,-0.0123947558948098,0.000663081014510985,-0.0154079975607437,-0.00804242131444082,0.0344830921230184,-0.00726613145893383,0.0414139039709081,-0.061833126338357,-0.0485424510317686,0.0253228770506178,0.0436609359122945,0.0732405667558689,0.0322060375382107,0.0463786753893951,-0.0220381912861251,-0.0292204386595037,-0.0276814944920662,-0.00598306446712558,0.00458135704400065,-0.017819896306157,0.0431365898651157,-0.0607938324974034,0.0106741083910712,0.032373933350328
"Leu/Ile","Leu/Ile",0.123429892248054,-0.0617388103500552,-0.045140945400441,0.0527807001823008,-0.0815328641608419,0.000401027830419697,-0.0254679017652056,0.00285013871041485,-0.0019990513804466,-0.00244135907541097,-0.0077571110484642,0.0116388401708732,-0.0395503528355052,-0.0054517332143142,-0.119300490013219,-0.0253110856127836,-0.0446432438286799,0.0163648068885053,-0.00852299279508621,0.0342522569591369,0.0190433435441697,-0.0125071009890974,0.0165349624393173,0.0377014234481772,-0.00987898525276354,-0.0092098241136706,-0.0101361415490058,0.0539872332544161,0.0230419196212099,0.0154888541515265,-0.0366789852720582,-0.00297434199048298,-0.0702283442105733,-0.025433239789862,-0.0403103167292933,0.0224084645928464
"Lys","Lys",0.114432919428218,-0.0939224303301982,0.0151593383528797,0.0918234011870127,-0.00324089622238381,0.00848146365689872,-0.0637639235438863,0.0328212959313612,0.033476733438272,-0.0170284307861274,-0.0363357046199937,-0.0384624843077917,-0.0190458737587981,-0.0716915728089675,-0.0227866854600834,-0.00752162763793869,0.0469157822520616,-0.00626820749913482,0.018345846468679,0.0385666224803822,0.00205938751207464,-0.0156308384427649,-0.0208992170113716,-0.024059878014577,0.0132160495244657,-0.042082114306885,0.0717419111746785,0.0411772813227561,0.0355239075520148,0.00538871513044989,0.0720690296736326,0.0796689971165187,0.0354847870871809,0.0214704735350349,-0.0659384972768312,0.120913712118233
"Mal","Mal",-0.1214345342493,0.0738504330600653,-0.0147758265296711,-0.0227882914732295,0.0569278633892456,-0.0882219147803711,-0.000131297971142455,0.00384419453223684,0.0224371366897024,0.0256826489310657,-0.00536218471980844,0.0192932078726091,0.016462335774448,-0.000533229864389611,0.0100290587870477,-0.0137676263687275,-0.0784231000290068,-0.00301158114117407,-0.0608267330371071,-0.0590259372273662,-0.0579405846970436,-0.0909291156984707,0.072935803961963,0.0921693067913891,0.0702159889993487,0.084763172293001,-0.0378254002401346,-0.0346761676883666,-0.0428804762243258,0.0674759654262197,0.0930710703841426,0.0464401539188473,-0.0210284468937403,-0.0705118911861122,0.184993525464846,0.0617940397692717
"Met","Met",0.1287344981177,-0.0517900865399824,0.0113385570961319,0.0717555048031398,-0.000575902285926473,0.0110497261615495,-0.0101117897641181,0.023009917135433,0.0208569857803149,0.0136737421797749,-0.0101881600198599,0.00715380758107685,-0.00315517912188531,0.00507165337318509,-0.0100569615148226,-0.00949804419711481,-0.00510143090247689,-0.00406905562430133,-0.00548649848694674,0.0233545659831027,-0.00918261485222958,-0.0128804674661686,0.0137796165358499,0.0212179740097433,-0.00954959572542989,-0.0168695647789264,-0.0100403597325933,0.0412238819173199,-0.00171624286585626,-0.0217974909214546,-0.0177698391583921,-0.0183030372701181,0.0230686605874747,0.0057775382625093,0.0162293394306466,-0.100806931792824
"NAD+","NAD+",-0.0183300696655053,0.167292715607658,0.1303064654417,-0.106519396887292,0.0410254599326371,0.0793900728934167,-0.11438098780471,-0.02626095480357,0.00556042574199022,-0.0672074057703339,0.00898714945887726,-0.0706235069264961,-0.0272074238791766,-0.0423840564848697,-0.024259784341632,0.0430192214681378,0.0171551257808242,-0.118663032416265,-0.0142599517802821,-0.00696183844577541,0.00840407430091504,0.0421441028135352,0.12342472613692,-0.13320401602648,-0.0664244484379487,-0.0372611842920485,-0.114110600460319,-0.0294965950705145,-0.0003200285057211,-0.2015605931321,0.00203580141707282,-0.0335104343045089,-0.196102883794054,-0.114537024115696,-0.0567005876589959,0.127851827651522
"NADH","NADH",-0.0611013852564563,0.162017251348262,0.0705085940014031,-0.0345405635897848,-0.0378192361422435,-0.00660536475782716,0.00815331492182781,0.0554267401384741,-0.0170421924216146,0.0819694881884179,-0.167818450177691,-0.0213261647807819,0.0134444162338439,-0.110446864990626,-0.0102387716195023,0.00480456533565524,-0.0268283216460962,-0.0596476376030094,0.167975048813074,-0.0191699834308825,-0.0438082413510787,-0.0939859483515882,0.0355894747557549,-0.0514434586993602,-0.226343276420441,-0.0661719977365362,-0.107557781086824,0.121733079968068,-0.019294465186845,-0.0190583423361058,-0.0726226119263742,0.0251280536307456,-0.11275910693532,0.101104996862653,0.246943712779314,0.0454496962644028
"NADP+","NADP+",0.0121198336923439,0.135875530944338,0.0516232617387354,0.0552600021906138,0.0184088559938113,-0.0346077962251639,-0.221393656724484,0.279340897292572,0.183734392046771,0.0757417458067263,-0.0398141702397133,0.100929983413949,-0.0361401753846551,0.310349971391791,-0.0926011634972881,0.17070453263358,-0.328407274775252,0.0905389343966439,-0.0133131966023917,0.20812779934033,0.0342637074526786,0.0524541116501268,-0.0483343033409859,-0.131393069638018,0.125800720186757,0.0539423125177015,-0.000108667130610427,0.155785331273037,0.067255063763049,0.0642762493630565,0.114612247109957,-0.0739045426381773,-0.0101541929512173,0.119717084617137,-0.0652998111202368,-0.0550313968438951
"NADPH","NADPH",-0.0546646970517629,0.145505985942353,0.0163319874646509,0.113355468661886,0.0962693218829202,0.0469240063982473,-0.0220255335698991,-0.0330907124456946,0.0899614862339466,-0.0438867437620976,-0.181729329044466,-0.130569599483576,-0.181624768391986,-0.0599897510542273,-0.101987116955963,0.0548060353653824,-0.129266090056062,-0.0431526144035993,0.0184748258965644,0.0193451407620512,0.319602487055865,0.0635877194475962,0.179915028694568,-0.0586321101164254,-0.21263736575142,-0.0852627376951168,0.20023531138707,-0.342908287071303,-0.273350981248122,0.100668680891679,-0.129261444286393,-0.0731454797938396,-0.132765773166792,-0.113938051408492,0.0765812752897732,0.0217786529781249
"Nicotinamide","Nicotinamide",0.125888820941875,-0.0644316237426469,0.00193307742580623,0.0657796611193005,-0.00211053003655692,-0.000162968181332184,0.0120909938899644,0.0415516793469465,0.0426249054647999,0.0165750052493218,-0.00671349534168028,0.0092692055478068,0.00938092993655255,0.0202125568890435,-0.0223757032462118,0.0121090656859909,-0.0107462345574955,-0.0417436204604562,-0.0117903206141054,0.0144129522114382,-0.0273224081307422,-0.044846348103442,0.0392319069529815,0.0167654481916995,-0.0202878459144498,-0.0114638158912889,0.00999990004896919,0.0799649773839907,-0.0488930410924636,-0.0676428630049843,-0.0278252760961264,-0.103011280313685,-0.00236332085658012,0.0165636623082665,0.0289208372786917,0.0534842463279669
"Ornithine","Ornithine",-0.118395725994209,-0.0830293039341378,-0.0543897514787821,-0.053318407831693,0.0483104046122389,0.0354954814610437,-0.00955404141114368,-0.00809208670638162,-0.00751744476684129,-0.0246814000230511,-0.0602247017196629,0.0164854812065611,-0.00881822489998827,0.00375856455445104,1.39851520939736e-05,0.0388464460806474,-0.00636251958249107,0.0130325255372163,0.0092855430095053,-0.016343191322537,0.0290661315917177,0.0715623342970446,0.00660431088251544,-0.0914989857202354,-0.0115339925467923,-0.068466704180301,0.035315430680049,0.0552959590692168,0.0410687670923869,0.00201659157454921,0.00574345002289102,0.0503067035045851,-0.018685643856088,0.0543310110150797,-0.118764860278792,0.0501234119174988
"Orotidine","Orotidine",-0.121133272854865,0.0335235543796572,0.0880637041138238,0.129577192974333,-0.0375055906237561,-0.00936202888254906,0.0270181478517506,-0.016447266031737,-0.0119859645528499,-0.0398361727287163,-0.0490409327304252,-0.013343033039608,-0.0606802270236386,-0.0564150654211836,0.0522335141926866,0.0189946655897729,-0.00398658438084194,-0.00869682220492632,0.00520954369041627,-0.0580941549569102,-0.0395059414648274,0.0035990117378455,-0.00624373187389335,-0.0162515226774342,-0.0113562889310484,-0.0357575377084733,-0.0141139818918508,0.0751504226810807,0.0644766225545731,-0.0820223895971361,0.0194202122116816,0.013812920611743,0.153272966780363,-0.103086032421942,0.0237338784156886,0.021583006060683
"P-Choline","P-Choline",-0.107823593430355,0.106149396076671,0.0481906259537628,0.0667324292320716,-0.0249771866276584,-0.0719031834519974,-0.0408847148668739,0.0333597337581875,-0.0521387151753418,-0.015577591822146,0.00779329084872177,-0.0228598699110037,-0.00291583217185933,-0.0944684578197078,0.0414097984368284,0.00988181198608652,-0.00711050519022732,0.0143158541540983,0.0575157436556256,-0.0765576934286582,0.0269296214143595,-0.0208938997560808,-0.0359917316668006,0.0156287612521474,-0.00689540638693511,0.0126930571545498,-0.0818226951559358,-0.0739265169136795,0.0447023021458749,0.0145411345845585,-0.144554731893405,0.161378076141935,-0.0233833207060766,0.0119467362628341,-0.0048683059814201,-0.0512045228443367
"P-Creatine","P-Creatine",-0.127821449486101,0.0274739016356322,0.073649950071369,0.0832312113259687,-0.0268601724579401,-0.00701516684830336,-0.0133369198101061,-0.016947968750855,-0.0221544062296973,-0.000850319758040721,-0.00701705802539859,-0.0147696080958623,-0.0291150150336082,-0.0417005802167168,0.0385964613520601,0.00232285879067836,-0.0207081651014408,0.0288408436472866,-0.00531458556795701,-0.0318827199737584,0.0344088836108091,-0.0265300813995944,-0.0271513807349582,-0.0259980029569635,-0.0366626708386058,0.0106699892170274,-0.0261331348818248,0.00997112213339522,0.0356585196993294,-0.00517374360338814,-0.0111897710615601,0.0635977482995903,0.0693165255124563,-0.00584444624879885,0.0820175405252945,-0.0378590164817722
"P-EtA","P-EtA",0.0302763360491475,-0.147063514387788,-0.0981035980395847,-0.144737886856755,0.192353236073401,0.0414281987859445,-0.127513645620965,0.061347783336411,-0.0159568698598218,0.0306720574903804,0.0362449390428031,-0.0168201120103348,-0.0154224964084741,0.00878131770848478,0.0146272955260335,0.0388819579330937,0.00973767881203067,-0.191621907704895,-0.0150814849394907,-0.0747789459017746,0.0468813671142875,0.020300163424046,0.0439344896919751,-0.0384655417204402,0.0306628302205786,0.079601965498489,0.0806695671682089,0.11419713464955,0.0495172157205856,0.32210524899523,-0.238606081651201,-0.00842398276129236,0.00241422776196396,0.100811600900286,-0.0925856608374307,0.129184496758959
"P-Ser","P-Ser",0.0453887109396815,0.114303958653867,-0.173697074171389,-0.0490123068946595,0.0528592473844661,0.0145458415732251,-0.107094017722723,0.0479944112874313,-0.144864858363948,0.0464451917757393,-0.251332168998283,-0.0557872322783558,0.113800455151947,0.0911133597399727,-0.103947458902732,-0.101601122325294,0.158397021045888,0.368863645226954,-0.0703229216394765,0.0625150667478518,-0.0279107788029678,0.0568746145833266,0.111289666287275,0.388393384124612,-0.0682780001272789,-0.0601203479247011,0.0187132776933488,-0.174835734849488,0.186310959227985,-0.0892775053919476,-0.134187782721497,0.0406690882949922,0.0261983154061857,-0.0355212672460458,0.103577221137999,-0.0105562409596398
"Palmitate","Palmitate",0.0754766473139704,-0.00446677460577723,-0.0794920104059007,0.0923511534224387,0.136873851863605,-0.0213423413054202,0.180922264867117,-0.0855253870501253,0.204586904592743,-0.214033267103119,0.132972157512252,-0.10672676363617,-0.252063408528813,0.405989447059218,-0.139004366845047,-0.0472359769910619,-0.183330473610038,-0.166710742029716,0.160648366803628,-0.241123516815522,-0.0184017344540659,-0.127030165258321,-0.0282922885482477,-0.112040759036901,0.0459130019808009,-0.0888137404184833,-0.284145907544237,-0.0709464381693841,0.148089990377899,0.047186061789704,-0.0687020677576454,0.0786541479032027,0.0330445485914145,-0.0884112478385705,0.0234737179342586,0.0399140681027014
"Pantothenate","Pantothenate",0.120046575793534,-0.0678164334874333,0.0236543262236243,0.112856394729616,-0.0257859695876614,-0.0302854826781506,-0.0761632046438762,0.0403653544888243,0.0276403944838127,-0.0335046596926151,-0.00834433920005764,-0.0621312112168351,-0.0207958502280482,-0.0711783522524138,-0.0333332952075417,0.00842972257603234,0.0291526373866477,-0.0370784268798667,0.00588398462736379,0.0116726198977977,0.00199749628955775,-0.0244925965396872,-0.0216347111843093,0.0118561954646238,-0.000441815520983671,-0.031233817299618,0.0319261989321411,0.0326425614985486,0.00882623407848322,-0.0285267984094697,0.0734603354785632,0.0316290379580917,0.0227319364818293,0.0231206710879348,0.0411245422681924,-0.00538468592376864
"Phe","Phe",0.12089476752282,-0.0814518478570668,0.00317387377738152,0.0745859681468201,-0.000288906537042529,0.0205575463303585,-0.0362194511900518,0.0315455216821622,0.0302202120482909,-0.00408337104778028,-0.0255377893625888,0.00866325394212688,-0.0070073688251151,-0.0341096525142076,-0.0233879591586908,-0.015973051190089,-0.000607021979922951,0.0199203479965378,0.0138358126024374,0.0117614050914242,-0.0147029472518729,-0.0399531007862602,-0.00258391264704573,0.0259314488831786,-0.0292739121810497,-0.0491065242571124,-0.0328265185984135,0.0339530943338421,-0.00831082363386199,-0.0198350254773113,-0.0157487237871196,-0.0395454044883896,-0.0196037455557588,-0.0321171394253525,-0.0333204830941803,0.101126514044438
"PO4","PO4",-0.0482351695980652,-0.0186105375746017,-0.138225551650135,0.136747153283665,-0.0447768035812373,-0.269881511264691,-0.201962556575014,-0.150659254131531,-0.0563100543379799,-0.241380599958184,0.129045259484456,0.19287643492507,0.0444813694543433,-0.092095331296669,0.189108385205737,-0.25680325554864,-0.0837586304889453,-0.098092784804278,-0.0795824160062299,0.252853917857528,0.0910060758056227,0.118902987998455,-0.0597369393671943,-0.107514134179329,-0.0671441010477871,-0.135686803442714,-0.01529800814412,0.175884927296794,-0.0124220815198551,-0.0531275670481916,-0.0379721000098999,-0.0670422658623616,0.00634734008835851,-0.170435144112052,-0.0483471334502004,0.111876539603858
"Pro","Pro",-0.128504495628852,-0.0567913633180764,-0.0351626446618009,-0.0310747772008143,0.00540085602674798,0.0154049208733802,0.0140150370965152,0.0152289532098032,-0.012859958918236,-0.011776077433845,-0.0119649391297329,0.00180464025310537,-0.00697631428270727,-0.00214478487124835,0.0140975349270995,0.0154787089537934,0.0122133416030641,-0.00333968943219717,0.0260411577761707,-0.0447825636541623,0.0030622418626842,0.00315882241050803,0.00636000137411541,-0.00485163550562874,-0.0211024754238915,-0.00998251998146879,-0.00497455998938486,-0.0114977474400444,0.0220827480326701,-0.00340906385904045,0.00244829916575195,0.0186891774499501,-0.00707585705594198,0.0112593175049555,0.00190246920485095,0.0752639236723193
"Pro-OH","Pro-OH",-0.119206726357884,-0.0772492230571427,-0.0623006787181847,-0.0733758735802093,0.0301234394704918,0.0303580323430327,-0.0355396651849536,-0.00799917515795426,-0.0238525886125206,-0.00953901467204045,-0.00792047182410673,0.0237543413113817,0.0290380373215581,0.0326661030557296,0.0209492134250918,0.00744932560265944,-0.0144065061657781,-0.00681130410423719,0.00958036748507908,0.0140433089796538,0.0805833456094524,0.00744122842178609,0.052363432353933,-0.0474040129106911,-0.0806371278953129,-0.0227135376525112,-0.0189388215632384,-0.0218812859931155,-0.0389737352499138,0.0685462681681015,0.0424836088985986,0.0220201813047674,0.0270495767822696,0.0679558087208166,-0.0291043187516965,-0.0234209086423442
"R5P","R5P",0.0384079918515334,0.143396621365522,-0.149627412752063,-0.0837210322556136,-0.0531314033331185,0.0391447555222032,-0.072202053095251,-0.13555987128792,0.0371806970898656,-0.0850552614775296,-0.0665664595268782,-0.157194170130033,0.0163090649219557,-0.00164509115899768,0.150572964248569,-0.00324788570450865,0.0452413568393734,-0.02263723253535,0.0847113560836971,-0.298457662106321,-0.0241256118701497,-0.0530798316506227,0.115364586992278,0.0860269560464668,0.153695120867816,-0.162398839387235,0.0383218916138383,0.0286202305475373,-0.114666355243685,0.135484427962192,0.421413214969568,-0.112722227059372,0.194958815498397,0.0447202998425567,-0.124533489805078,-0.109231613312189
"S7P","S7P",-0.0828640244663791,0.0771749183201908,0.107209153600885,0.124104279878124,-0.132391800318849,0.0198883964202383,0.0814402618691458,0.0983311722268298,0.0584486223979647,-0.15986514320619,-0.031733720172391,0.00671363451930205,0.0669081558769966,-0.0257100862334741,-0.0337658365890719,-0.0185078312888432,0.137470084472148,-0.101068883220547,-0.110947953027249,0.0614616746870281,0.414205201875927,-0.238287792701273,0.191421715572815,0.201106498844366,0.474624888584532,0.00228207936288066,-0.133118404710482,-0.0596678977166371,-0.0841706162925149,0.0137504902056612,-0.176187834535495,0.0927332934911399,0.149981682559242,0.15763402167751,-0.122630899109749,0.0631114147219746
"SAM","SAM",0.0384426521665245,-0.0677043988542643,0.119053109068857,0.267126094963775,0.104769551233408,0.0966027715309082,0.087715045207314,0.129171834444018,-0.0468378634301691,0.214054185872205,-0.0368969050223651,0.0398636939644841,-0.0400034509396765,0.0300044965908377,0.376442982388782,0.00903238423808699,-0.17321801133644,-0.0227781232246144,-0.100297506151707,-0.107118184978462,0.0787729268544305,0.124822569465748,0.0924669630466945,0.0463573915705263,-0.18986986084804,-0.023982904692138,-0.0436690593014971,-0.17855011924437,0.291788539912489,0.070592005209365,0.127766034938492,-0.0114915208531589,0.129701652135712,0.12165911050723,0.0875528082412432,0.106399768648813
"Sarc","Sarc",-0.0730489952214549,0.0802810629598494,0.117421968815706,0.222679902574807,-0.0948403027134128,-0.00534966343664412,0.156820808102969,0.0753424472982747,-0.102050420208613,-0.00392228744533984,0.0250211152855504,-0.0107087035381658,-0.0623198833420149,-0.218020975044962,-0.0823896153229688,0.116470378470609,0.0731424748073418,-0.139611871943218,0.0965604219913502,-0.0334517714695867,-0.128962710103069,-0.0189511508115886,-0.11244418169536,0.0965603301455326,-0.0597230959180262,-0.101824131100164,-0.000248090061126615,0.000419117212188045,0.0412317370890582,0.125577261751499,0.0416076094052961,-0.0410015644879461,-0.0462984330886289,0.107986548504516,-0.200611058229367,0.0181290568138282
"Ser","Ser",0.09621679623862,0.0559886575932807,0.0107160898754419,-0.191167192938641,0.124240681780444,-0.0797356250388724,-0.195834619527355,0.0992618250330165,-0.00937197918660544,-0.0694873860096918,-0.0509363603741886,-0.0566485146255402,0.05271630430054,-0.0993252270896269,-0.0446545444114253,0.0977970635593476,0.141673190724402,-0.132839545999724,0.0806403155115551,-0.0720763607250037,0.0943100536301328,-0.0667894386415615,-0.0706444861924459,0.0885918018842125,0.0515432850377424,-0.0626989831065054,0.00208080183838913,0.155704069576977,0.123509051205649,0.0222096856868403,-0.0339839705141719,-0.122125437085076,0.117804203114899,0.037216782626695,0.0318707364795196,0.0308539144178163
"Sorbitol","Sorbitol",-0.0949568168069703,-0.0521775698577544,0.0884580583213629,0.140854883439697,0.231319021682903,0.0469642436168101,0.0130630968421586,-0.0179949724977755,0.0593480411995598,-0.0674749284298547,-0.0868255254240392,-0.0411802830555702,-0.0254963326279387,-0.110220616794294,0.109782752202278,0.0422525444501176,0.0527674926092541,0.0354460478791308,-0.0462778216082551,-0.105482834062501,-0.0273937778698628,0.0401686856803556,-0.074251486367032,0.00433079831987021,0.0948632685593576,-0.0536256926569785,0.0275806446063814,0.0466847716650238,0.0962548537001771,0.0242841220850078,0.029575703690383,0.0623460825117205,-0.054524932422181,0.158682069161052,0.169986460386436,-0.0369946537776077
"Succ","Succ",-0.122810695225094,-0.0711103308198728,-0.0528507080500618,-0.0601926800765846,0.030101483425975,0.0248932183861924,-0.0171665821164828,-0.0233452129757243,-0.018712402265577,-0.013728882752843,-0.00897247381924816,0.00836309933558877,0.00330036556442424,0.0187904950928304,0.0327445962543493,-0.00288447914805042,-0.0245431946476971,0.014219256622456,0.00600832467161637,-0.0254910198941746,-0.00701090139005205,0.0313723760716034,0.0308624485772182,-0.0260327491846735,0.0128621770775185,-0.0135630136518453,-0.000674255101879314,0.0184436737683549,0.0354200986205889,0.0333599470492868,0.0435819827692553,0.0272994460504251,-0.00367191042247142,0.0149804634791496,0.00297613044292791,0.0548117398334971
"Thr","Thr",0.13123030550482,-0.00379120004229782,0.0405570584703381,0.0611804095752586,0.00441417407577484,0.0493984278940862,0.0493470476699672,0.0204658767638843,0.0193073812586263,0.0373102168768506,-0.014369197295658,0.013304293371213,-0.00917231101671185,0.0050385470453034,-0.00348173604538236,-0.010385196643938,-0.013646234586204,0.0447701929580399,0.0314028329501168,0.0154262576014942,-0.0353741930612252,-0.033177402198774,-0.00673970443975521,-0.00992358925980326,0.0182823452739977,0.0159432174185263,0.0306222160077159,-0.116031724557368,-0.0103710279391508,0.103460423231757,0.0934492128746539,0.285291975057338,-0.0452323190496357,-0.183160071369174,-0.166125044300932,0.0203294878225707
"Thymine","Thymine",-0.0960339432583562,-0.0560411210806486,-0.0587312756306666,0.0689649135425672,0.137540255568616,-0.0613425293752798,0.0607747154707821,-0.0919959754406928,0.237800541194092,-0.0215553358091616,-0.183437527867979,-0.0927620487734443,-0.122627395887723,-0.0454902531085282,-0.0517869934824263,0.0391263672698611,-0.0225924146591706,-0.244359795160333,-0.286786321780007,0.00961303911711266,0.0685036377856839,0.0609594083770247,-0.233271250207867,0.171089290078551,-0.00514851317955786,0.351222933278269,0.166402426804442,0.0328025248789402,0.147754536005507,-0.217192688426791,0.023605150884937,-0.18160475863896,-0.0853468633683013,0.0359534254271795,-0.135110126739291,0.0169842304331962
"Trp","Trp",0.0558368048421257,-0.169563293974583,-0.00927437310180279,0.127641378111189,-0.00198049629715938,0.0243238659740728,-0.0730171822026547,0.0461726946149725,0.0345339881201322,-0.0283766770990865,-0.0423406174801405,0.0044048999809359,0.00797702948921862,-0.0966745124305422,-0.0101098125257287,-0.00948062856245311,0.0128854098519804,0.00498622377133786,0.0623182022843645,-0.0247018549289694,-0.00395527548631456,-0.0853928746690964,-0.0025788330959052,0.0461255836068505,-0.0730407761304464,-0.100453867309412,-0.0938536062488583,0.0554312319615026,0.0216169499541432,-0.0529520856562927,-0.0501855652187845,-0.0911358904740168,-0.00266528263429143,-0.072045491521676,-0.00957028755101184,-0.0657989423654248
"Tyr","Tyr",0.112574752607669,-0.0925168837504923,0.00300020359591184,0.13535082609924,-0.0152013968674992,0.00547315834340849,-0.0171860343580313,0.042722681333308,0.0155775768189801,0.0155035887415296,-0.0144126978040697,-0.00334722101932824,-0.0140411333725485,0.00158517172085756,0.0167839174923412,-0.00386126437885192,-0.0348226352110816,0.0272142633385364,-0.00601372147327061,-0.0101292923048254,-0.00457422096811004,-0.0352296293881961,0.0125535197204676,0.0496526275197276,-0.0097715718334968,-0.0282950364253462,-0.0421624141942228,0.0215646815381653,0.0397027424542471,0.0160758414744181,0.0204279176753403,-0.055627381742503,-0.0129761021279857,-0.0199812019764937,-0.0279218355846118,-0.0700231244829117
"Tyramine","Tyramine",0.0435331294679658,0.00591895639565603,0.118338994479582,-0.124007916850022,0.0202727609706404,0.1081356856596,-0.0314043168930154,0.0385462088119118,0.206336138238536,-0.196590561223911,0.176133624717135,0.512400601502785,0.107598386238027,-0.321922698642706,-0.158569738670057,0.0216051058817639,-0.322971138286414,0.163220567540896,0.0456403347129873,-0.378207140939986,0.0966543027290678,0.00556468056454966,0.0488447135485753,0.152445230687003,0.0108932751776199,0.0978419532547962,0.144739836056797,-0.00276443877910826,0.0399888952176495,0.0389248924411527,-0.0181088363176867,-0.0110116412731247,-0.0372184188446726,-0.0595619869147261,0.0762945248747278,0.0221693559489639
"U","U",-0.120742611430092,-0.0758074183392407,-0.0571748655703024,-0.0671142591711674,0.0409453180576618,0.0213144003416597,-0.0184914120832174,-0.0113849493497987,-0.00539259921488091,-0.00207908342787907,-0.0108775062078811,0.00742168486349049,0.00776538466855212,0.023972842664873,0.0128652722232746,-0.00305480082324835,-0.0126902171546578,0.022942024023458,0.0216225005398456,-0.021387775156892,0.0312554765248197,0.0268547220644742,0.0751146241285408,-0.0260360641888727,-0.0106816970529731,-0.016929360637975,-0.0115130256467739,-0.0064895051986554,0.000742630798057514,0.0481225334710371,2.67003755479193e-05,0.0245076456919128,0.00445897044319458,0.0435792891885957,-0.0277877085668907,0.027751420092675
"UDP","UDP",-0.09179777512509,0.112654170058334,-0.029248883062791,0.162611155505287,0.102101243519124,-0.00891060479114086,-0.0198104921805527,0.000736558680778365,-0.048717527720365,-0.00664174433188199,0.142514187667433,-0.0238615429645185,0.0291152245748555,-0.0819299876228946,-0.0563893835172093,0.0232692047107276,0.0601008074706706,-0.0509505948565219,-0.00918790998939196,0.0468765405744729,-0.0586126098371793,0.0116811482267684,-0.122273975449806,0.000463971040523309,0.0129548393328904,-0.0509184094837311,-0.0207901029074591,-0.073907414078679,-0.045721055332509,0.214227783420656,0.0212500335193487,-0.0569327479859611,0.0438408907309194,-0.110036400088499,0.00398957326423984,0.0411524482123597
"UDP-Glc","UDP-Glc",-0.117356908984601,0.0787141695079697,0.0658674503842154,0.0125019640543605,-0.0454992852357506,-0.0395006657090035,0.0128592412847084,0.00582253927451726,-0.0096094335122448,0.0740798864951113,-0.0378535895660154,-0.0643525056558397,-0.0131907413555845,-0.147538932828726,0.00434697295305908,0.0706779561415956,-0.0231420006841364,-0.0642711654439446,0.0324265612734633,-0.0251625341987493,0.0191804323164988,-0.0425704663480455,-0.0578160569821321,-0.0925262590801891,-0.0131018420277026,-0.0910879892061691,0.0509389582221239,0.050567507213198,0.119100350635116,0.00513741729101942,0.0756443636891244,-0.0335601295193625,-0.0013764290572514,-0.0752499167652616,-0.0442756682361421,-0.122627005031796
"UDP-GlcNAc","UDP-GlcNAc",0.00369437888988024,0.130400943333572,0.148583687333233,-0.195869183363976,0.133328908299322,-0.0290878548009532,0.0279746884116969,0.0837825345476128,0.0672047066123004,0.128166773289732,-0.0162117062904182,-0.0773227262053042,0.022891834378671,-0.20537978754707,0.0946182703341048,0.0910673441665642,-0.00798316395520107,-0.246429427981049,-0.0608228444746279,0.112526288812461,-0.0160840933507756,-0.0269308034922162,0.0148593969597713,-0.143008369582062,-0.0117351755519826,0.0511477621903035,-0.0542072262330014,0.00604263304828775,-0.0592804189179028,-0.000749679596964912,-0.0127685218339989,0.153378858095972,0.120360776006388,-0.0945427343749582,0.0606368603291776,0.0276494727689942
"UMP","UMP",-0.108585401219772,0.0236221556677035,0.110875177833057,0.0893290097164467,0.0346940366217404,-0.0720718423543181,-0.0896281183821748,0.176486591769439,0.108238842559207,0.14290321550508,0.0707465884015652,0.0464424069609339,0.057163733696581,0.149022349903398,-0.0210066377805231,-0.136762129588219,0.000352875434630257,-0.0591374568676929,-0.0390208842567285,0.0833850347307112,-0.0355865764075637,0.015679439436412,0.0663013127975955,0.183661464650347,0.126852252932759,-0.184548084078241,-0.0581112004594325,0.0749078412130152,-0.101091985614406,0.022489364747056,0.081080059844214,-0.0357003937168931,-0.153764369007432,0.00518584719460386,0.113105971289654,0.0616187016673251
"Uracil","Uracil",-0.109822498360072,-0.102544738458234,-0.0431702147801369,-0.0240443632163866,-0.0166316576120858,0.0305119918098099,0.0734754855725601,0.00193364704117563,0.0229437563706671,0.0203126150819441,0.0127870060217898,8.61103248587274e-05,0.0290902674856425,0.0183806205807446,-0.0697177419075735,0.0467953789114577,0.00965202699406789,0.0725580521068512,0.0385050778757649,0.0937019541709829,0.0217458075808691,-0.0225337130473132,0.0549789067698813,0.00565076385806121,-0.013569135583435,0.14194593931057,-0.38624741258463,0.140433612923234,-0.0717897431191503,0.0320497392750037,0.12279737412525,0.105310057078857,-0.203037865444584,0.183764747018208,0.0945477446604065,0.0303054696469232
"Uric acid","Uric acid",-0.126810796433407,-0.0611598228455257,-0.0470673076860611,-0.0391981457231119,0.0167287321370629,0.00817960831565882,0.00297548737328422,-0.00141314807728449,-0.00296760562746798,-0.0166817651000506,-0.0143747917321446,0.0153402251339801,-0.00155280932655901,0.0105026731298001,0.0116308133607889,-0.00643645575669385,0.00861615624591398,-0.00825197317855736,-0.00869706263968091,-0.0229054126521853,-0.00243483751849511,0.0214158146534683,0.0428123377554979,-0.0242258114053008,-0.00552859728231518,-0.0281055169824723,-0.000388637147947428,-0.00174911632914185,0.0210223958879818,0.0384354667188937,0.0109157153046754,0.0137258238064446,0.0123661467346553,-0.0243412910569679,0.00998960532131769,-0.00479358155103382
"UTP","UTP",-0.0327628744441675,0.136302872498957,-0.204814605997712,0.0986707290537476,0.0789750410170381,0.0726843729943996,0.0318212882489053,0.106159994379707,0.0107534668988675,-0.032335372093169,0.010248130590044,0.00854570056317326,0.059598594790944,-0.0852103325691622,-0.0280723315133861,-0.00707949848525551,0.0212735376903613,-0.0179831674966312,-0.00119769277135601,0.0388689422070808,0.00443264157076628,-3.45435044919548e-05,-0.0554657873793964,0.0199218616970018,-0.0887822657009802,-0.0385857682225917,0.0141483572941584,-0.040334803959445,-0.0173320292304767,0.0448720860532611,0.0283590863090366,-0.0162712131978906,-0.149592419867496,0.153237280802378,-0.26180199960846,0.0479568385674469
"Val","Val",0.109602209445166,-0.111272857019715,-0.0123750033515122,0.04452212811772,-0.00145911404685729,0.044727596047497,-0.0387723506781438,0.0177761643797245,0.030323949768686,-0.0238134990298073,-0.0387000817192945,0.0132255345277307,-0.03901979662526,-0.0421166258669785,-0.0822315956850087,-0.0178790986959484,0.0205162012654326,0.0559501545064507,0.0239288214940803,0.0301832985081308,-0.0299450261959044,0.00112657194525359,-0.00570285433622351,0.0388601985677326,-0.0171188250525331,-0.0338348459577184,-0.0165779207519214,0.059697532306084,-0.033341461353166,0.0255156189798681,-0.0854909588637202,0.0328820345939019,-0.0884076572403357,-0.134476143714622,-0.0395600609415057,-0.0479520746506788
"Xanthine","Xanthine",-0.119816016871437,-0.0436141542826073,-0.0179076300362037,-0.0240161150583787,-0.0200608227848015,0.0587219825090721,-0.096261740629616,0.0534942360793853,0.0856581304236212,0.0310214437964444,0.0470651016795802,0.0857725182852453,0.0347045206305255,0.166937674206321,-0.00974589436930735,-0.076266993150924,0.145770939361,-0.174094314141224,-0.276311733674228,-0.0129109138423267,-0.136167984364176,-0.172766232678208,0.011114454160802,0.00533972977922315,0.0273858134563772,-0.0572746192787735,0.136406360546345,-0.0962596760351267,0.202710285727734,-0.0805384260145861,0.00890171171249483,0.11210552166182,0.00387390094516425,-0.193622293761646,0.136098466579929,0.0075945794506952
